,,t_min,t_max,dlen,day,station,category,name,state
0,0,0.0,0.0,0.0,0.0,PUSH,0,Fiskeby 1040-4-2,0.0
0,1,0.0,0.0,0.07749999999999999,0.014925373134328358,PUSH,0,Fiskeby 1040-4-2,0.014925373134328358
0,2,0.0,0.0,0.08875,0.029850746268656716,PUSH,0,Fiskeby 1040-4-2,0.029850746268656716
0,3,0.0,0.0,0.08875,0.04477611940298507,PUSH,0,Fiskeby 1040-4-2,0.04477611940298507
0,4,0.0,0.032500000000000015,0.17125,0.05970149253731343,PUSH,0,Fiskeby 1040-4-2,0.05970149253731343
0,5,0.011250000000000005,0.09125000000000001,0.26875,0.07462686567164178,PUSH,0,Fiskeby 1040-4-2,0.07462686567164178
0,6,0.011250000000000005,0.13625000000000004,0.39875,0.08955223880597014,PUSH,0,Fiskeby 1040-4-2,0.08955223880597014
0,7,0.04375,0.13625000000000004,0.39875,0.1044776119402985,PUSH,0,Fiskeby 1040-4-2,0.1044776119402985
0,8,0.04375,0.13625000000000004,0.49499999999999994,0.11940298507462686,PUSH,0,Fiskeby 1040-4-2,0.11940298507462686
0,9,0.06625,0.13625000000000004,0.5424999999999999,0.13432835820895522,PUSH,0,Fiskeby 1040-4-2,0.13432835820895522
0,10,0.09125000000000001,0.13625000000000004,0.6199999999999999,0.14925373134328357,PUSH,0,Fiskeby 1040-4-2,0.14925373134328357
0,11,0.13875,0.13625000000000004,0.6199999999999999,0.16417910447761194,PUSH,0,Fiskeby 1040-4-2,0.16417910447761194
0,12,0.21000000000000002,0.14875000000000002,0.6537499999999999,0.1791044776119403,PUSH,0,Fiskeby 1040-4-2,0.1791044776119403
0,13,0.28625,0.14875000000000002,0.6537499999999999,0.19402985074626866,PUSH,0,Fiskeby 1040-4-2,0.19402985074626866
0,14,0.3725,0.18125000000000005,0.6537499999999999,0.208955223880597,PUSH,0,Fiskeby 1040-4-2,0.208955223880597
0,15,0.43499999999999994,0.20000000000000004,0.6537499999999999,0.22388059701492538,PUSH,0,Fiskeby 1040-4-2,0.22388059701492538
0,16,0.4574999999999999,0.20000000000000004,0.7737499999999999,0.23880597014925373,PUSH,0,Fiskeby 1040-4-2,0.23880597014925373
0,17,0.4574999999999999,0.20000000000000004,0.7737499999999999,0.2537313432835821,PUSH,0,Fiskeby 1040-4-2,0.2537313432835821
0,18,0.4574999999999999,0.20000000000000004,0.91875,0.26865671641791045,PUSH,0,Fiskeby 1040-4-2,0.26865671641791045
0,19,0.4574999999999999,0.20000000000000004,1.0150000000000001,0.2835820895522388,PUSH,0,Fiskeby 1040-4-2,0.2835820895522388
0,20,0.4574999999999999,0.20000000000000004,1.1662500000000002,0.29850746268656714,PUSH,0,Fiskeby 1040-4-2,0.29850746268656714
0,21,0.4574999999999999,0.20000000000000004,1.2375000000000003,0.31343283582089554,PUSH,0,Fiskeby 1040-4-2,0.31343283582089554
0,22,0.4574999999999999,0.20000000000000004,1.2375000000000003,0.3283582089552239,PUSH,0,Fiskeby 1040-4-2,0.3283582089552239
0,23,0.4574999999999999,0.20000000000000004,1.2912500000000002,0.34328358208955223,PUSH,0,Fiskeby 1040-4-2,0.34328358208955223
0,24,0.4574999999999999,0.20000000000000004,1.3275000000000001,0.3582089552238806,PUSH,0,Fiskeby 1040-4-2,0.3582089552238806
0,25,0.4574999999999999,0.20000000000000004,1.3275000000000001,0.373134328358209,PUSH,0,Fiskeby 1040-4-2,0.373134328358209
0,26,0.4574999999999999,0.20000000000000004,1.3275000000000001,0.3880597014925373,PUSH,0,Fiskeby 1040-4-2,0.3880597014925373
0,27,0.4687499999999999,0.20000000000000004,1.3275000000000001,0.40298507462686567,PUSH,0,Fiskeby 1040-4-2,0.40298507462686567
0,28,0.4899999999999999,0.24750000000000005,1.4775000000000003,0.417910447761194,PUSH,0,Fiskeby 1040-4-2,0.417910447761194
0,29,0.4899999999999999,0.26875000000000004,1.5800000000000003,0.43283582089552236,PUSH,0,Fiskeby 1040-4-2,0.43283582089552236
0,30,0.4924999999999999,0.26875000000000004,1.6987500000000004,0.44776119402985076,PUSH,0,Fiskeby 1040-4-2,0.44776119402985076
0,31,0.5112499999999999,0.26875000000000004,1.7812500000000004,0.4626865671641791,PUSH,0,Fiskeby 1040-4-2,0.4626865671641791
0,32,0.5112499999999999,0.26875000000000004,1.9612500000000004,0.47761194029850745,PUSH,0,Fiskeby 1040-4-2,0.47761194029850745
0,33,0.5112499999999999,0.28625,2.0125,0.4925373134328358,PUSH,0,Fiskeby 1040-4-2,0.4925373134328358
0,34,0.5112499999999999,0.28625,2.0125,0.5074626865671642,PUSH,0,Fiskeby 1040-4-2,0.5074626865671642
0,35,0.5149999999999999,0.28625,2.1000000000000005,0.5223880597014925,PUSH,0,Fiskeby 1040-4-2,0.5223880597014925
0,36,0.5149999999999999,0.28625,2.1625000000000005,0.5373134328358209,PUSH,0,Fiskeby 1040-4-2,0.5373134328358209
0,37,0.5149999999999999,0.28625,2.27125,0.5522388059701493,PUSH,0,Fiskeby 1040-4-2,0.5522388059701493
0,38,0.5149999999999999,0.28625,2.3850000000000002,0.5671641791044776,PUSH,0,Fiskeby 1040-4-2,0.5671641791044776
0,39,0.5149999999999999,0.28625,2.3850000000000002,0.582089552238806,PUSH,0,Fiskeby 1040-4-2,0.582089552238806
0,40,0.5149999999999999,0.28625,2.3850000000000002,0.5970149253731343,PUSH,0,Fiskeby 1040-4-2,0.5970149253731343
0,41,0.5149999999999999,0.28625,2.435,0.6119402985074627,PUSH,0,Fiskeby 1040-4-2,0.6119402985074627
0,42,0.5149999999999999,0.28625,2.435,0.6268656716417911,PUSH,0,Fiskeby 1040-4-2,0.6268656716417911
0,43,0.5187499999999998,0.28625,2.5137500000000004,0.6417910447761194,PUSH,0,Fiskeby 1040-4-2,0.6417910447761194
0,44,0.5224999999999997,0.30375,2.5137500000000004,0.6567164179104478,PUSH,0,Fiskeby 1040-4-2,0.6567164179104478
0,45,0.5649999999999997,0.31,2.5775,0.6716417910447762,PUSH,0,Fiskeby 1040-4-2,0.6716417910447762
0,46,0.6074999999999997,0.31,2.5925000000000002,0.6865671641791045,PUSH,0,Fiskeby 1040-4-2,0.6865671641791045
0,47,0.6287499999999998,0.31,2.65,0.7014925373134329,PUSH,0,Fiskeby 1040-4-2,0.7014925373134329
0,48,0.6387499999999997,0.31,2.7399999999999998,0.7164179104477612,PUSH,0,Fiskeby 1040-4-2,0.7164179104477612
0,49,0.6387499999999997,0.31,2.8299999999999996,0.7313432835820896,PUSH,0,Fiskeby 1040-4-2,0.7313432835820896
0,50,0.6387499999999997,0.31,2.8299999999999996,0.746268656716418,PUSH,0,Fiskeby 1040-4-2,0.746268656716418
0,51,0.6387499999999997,0.31,2.9387499999999998,0.7611940298507462,PUSH,0,Fiskeby 1040-4-2,0.7611940298507462
0,52,0.6387499999999997,0.33625000000000005,3.0749999999999997,0.7761194029850746,PUSH,0,Fiskeby 1040-4-2,0.7761194029850746
0,53,0.6624999999999998,0.35375,3.09875,0.7910447761194029,PUSH,0,Fiskeby 1040-4-2,0.7910447761194029
0,54,0.6849999999999998,0.365,3.2287499999999993,0.8059701492537313,PUSH,0,Fiskeby 1040-4-2,0.8059701492537313
0,55,0.6849999999999998,0.365,3.2962499999999992,0.8208955223880597,PUSH,0,Fiskeby 1040-4-2,0.8208955223880597
0,56,0.6849999999999998,0.365,3.404999999999999,0.835820895522388,PUSH,0,Fiskeby 1040-4-2,0.835820895522388
0,57,0.6849999999999998,0.365,3.4524999999999992,0.8507462686567164,PUSH,0,Fiskeby 1040-4-2,0.8507462686567164
0,58,0.6849999999999998,0.365,3.586249999999999,0.8656716417910447,PUSH,0,Fiskeby 1040-4-2,0.8656716417910447
0,59,0.6849999999999998,0.365,3.623749999999999,0.8805970149253731,PUSH,0,Fiskeby 1040-4-2,0.8805970149253731
0,60,0.6924999999999998,0.365,3.714999999999999,0.8955223880597015,PUSH,0,Fiskeby 1040-4-2,0.8955223880597015
0,61,0.7024999999999999,0.38,3.8587499999999992,0.9104477611940298,PUSH,0,Fiskeby 1040-4-2,0.9104477611940298
0,62,0.7024999999999999,0.38499999999999995,3.9974999999999996,0.9253731343283582,PUSH,0,Fiskeby 1040-4-2,0.9253731343283582
0,63,0.7337499999999999,0.38499999999999995,4.058749999999999,0.9402985074626866,PUSH,0,Fiskeby 1040-4-2,0.9402985074626866
0,64,0.7674999999999998,0.38499999999999995,4.0649999999999995,0.9552238805970149,PUSH,0,Fiskeby 1040-4-2,0.9552238805970149
0,65,0.7924999999999999,0.38499999999999995,4.109999999999999,0.9701492537313433,PUSH,0,Fiskeby 1040-4-2,0.9701492537313433
0,66,0.8825,0.38499999999999995,4.218749999999999,0.9850746268656716,PUSH,0,Fiskeby 1040-4-2,0.9850746268656716
0,67,0.9487499999999999,0.41999999999999993,4.25625,1.0,PUSH,0,Fiskeby 1040-4-2,1.0
1,0,0.0,0.0,0.07749999999999999,0.0,PUSH,1,Fiskeby 1040-4-2,0.0
1,1,0.0,0.0,0.08875,0.014925373134328358,PUSH,1,Fiskeby 1040-4-2,0.014925373134328358
1,2,0.0,0.0,0.08875,0.029850746268656716,PUSH,1,Fiskeby 1040-4-2,0.029850746268656716
1,3,0.0,0.032500000000000015,0.17125,0.04477611940298507,PUSH,1,Fiskeby 1040-4-2,0.04477611940298507
1,4,0.011250000000000005,0.09125000000000001,0.26875,0.05970149253731343,PUSH,1,Fiskeby 1040-4-2,0.05970149253731343
1,5,0.011250000000000005,0.13625000000000004,0.39875,0.07462686567164178,PUSH,1,Fiskeby 1040-4-2,0.07462686567164178
1,6,0.04375,0.13625000000000004,0.39875,0.08955223880597014,PUSH,1,Fiskeby 1040-4-2,0.08955223880597014
1,7,0.04375,0.13625000000000004,0.49499999999999994,0.1044776119402985,PUSH,1,Fiskeby 1040-4-2,0.1044776119402985
1,8,0.06625,0.13625000000000004,0.5424999999999999,0.11940298507462686,PUSH,1,Fiskeby 1040-4-2,0.11940298507462686
1,9,0.0925,0.13625000000000004,0.6199999999999999,0.13432835820895522,PUSH,1,Fiskeby 1040-4-2,0.13432835820895522
1,10,0.14,0.13625000000000004,0.6199999999999999,0.14925373134328357,PUSH,1,Fiskeby 1040-4-2,0.14925373134328357
1,11,0.21125,0.14875000000000002,0.6537499999999999,0.16417910447761194,PUSH,1,Fiskeby 1040-4-2,0.16417910447761194
1,12,0.2875,0.14875000000000002,0.6537499999999999,0.1791044776119403,PUSH,1,Fiskeby 1040-4-2,0.1791044776119403
1,13,0.37374999999999997,0.18250000000000002,0.6537499999999999,0.19402985074626866,PUSH,1,Fiskeby 1040-4-2,0.19402985074626866
1,14,0.43624999999999997,0.20125,0.6537499999999999,0.208955223880597,PUSH,1,Fiskeby 1040-4-2,0.208955223880597
1,15,0.45875000000000005,0.20125,0.7737499999999999,0.22388059701492538,PUSH,1,Fiskeby 1040-4-2,0.22388059701492538
1,16,0.45875000000000005,0.20125,0.7737499999999999,0.23880597014925373,PUSH,1,Fiskeby 1040-4-2,0.23880597014925373
1,17,0.45875000000000005,0.20125,0.91875,0.2537313432835821,PUSH,1,Fiskeby 1040-4-2,0.2537313432835821
1,18,0.45875000000000005,0.20125,1.0150000000000001,0.26865671641791045,PUSH,1,Fiskeby 1040-4-2,0.26865671641791045
1,19,0.45875000000000005,0.20125,1.1662500000000002,0.2835820895522388,PUSH,1,Fiskeby 1040-4-2,0.2835820895522388
1,20,0.45875000000000005,0.20125,1.2375000000000003,0.29850746268656714,PUSH,1,Fiskeby 1040-4-2,0.29850746268656714
1,21,0.45875000000000005,0.20125,1.2375000000000003,0.31343283582089554,PUSH,1,Fiskeby 1040-4-2,0.31343283582089554
1,22,0.45875000000000005,0.20125,1.2912500000000002,0.3283582089552239,PUSH,1,Fiskeby 1040-4-2,0.3283582089552239
1,23,0.45875000000000005,0.20125,1.3275000000000001,0.34328358208955223,PUSH,1,Fiskeby 1040-4-2,0.34328358208955223
1,24,0.45875000000000005,0.20125,1.3275000000000001,0.3582089552238806,PUSH,1,Fiskeby 1040-4-2,0.3582089552238806
1,25,0.45875000000000005,0.20125,1.3275000000000001,0.373134328358209,PUSH,1,Fiskeby 1040-4-2,0.373134328358209
1,26,0.47000000000000003,0.20125,1.3275000000000001,0.3880597014925373,PUSH,1,Fiskeby 1040-4-2,0.3880597014925373
1,27,0.49124999999999996,0.24875000000000003,1.4775000000000003,0.40298507462686567,PUSH,1,Fiskeby 1040-4-2,0.40298507462686567
1,28,0.49124999999999996,0.27125000000000005,1.5800000000000003,0.417910447761194,PUSH,1,Fiskeby 1040-4-2,0.417910447761194
1,29,0.49375,0.27125000000000005,1.6987500000000004,0.43283582089552236,PUSH,1,Fiskeby 1040-4-2,0.43283582089552236
1,30,0.5125,0.27125000000000005,1.7812500000000004,0.44776119402985076,PUSH,1,Fiskeby 1040-4-2,0.44776119402985076
1,31,0.5125,0.27125000000000005,1.9612500000000004,0.4626865671641791,PUSH,1,Fiskeby 1040-4-2,0.4626865671641791
1,32,0.5125,0.29000000000000004,2.0125,0.47761194029850745,PUSH,1,Fiskeby 1040-4-2,0.47761194029850745
1,33,0.5125,0.29000000000000004,2.0125,0.4925373134328358,PUSH,1,Fiskeby 1040-4-2,0.4925373134328358
1,34,0.51625,0.29000000000000004,2.1000000000000005,0.5074626865671642,PUSH,1,Fiskeby 1040-4-2,0.5074626865671642
1,35,0.51625,0.29000000000000004,2.1625000000000005,0.5223880597014925,PUSH,1,Fiskeby 1040-4-2,0.5223880597014925
1,36,0.51625,0.29000000000000004,2.27125,0.5373134328358209,PUSH,1,Fiskeby 1040-4-2,0.5373134328358209
1,37,0.51625,0.29000000000000004,2.38625,0.5522388059701493,PUSH,1,Fiskeby 1040-4-2,0.5522388059701493
1,38,0.51625,0.29000000000000004,2.38625,0.5671641791044776,PUSH,1,Fiskeby 1040-4-2,0.5671641791044776
1,39,0.51625,0.29000000000000004,2.38625,0.582089552238806,PUSH,1,Fiskeby 1040-4-2,0.582089552238806
1,40,0.51625,0.29000000000000004,2.4362500000000002,0.5970149253731343,PUSH,1,Fiskeby 1040-4-2,0.5970149253731343
1,41,0.51625,0.29000000000000004,2.4362500000000002,0.6119402985074627,PUSH,1,Fiskeby 1040-4-2,0.6119402985074627
1,42,0.5199999999999999,0.29000000000000004,2.515,0.6268656716417911,PUSH,1,Fiskeby 1040-4-2,0.6268656716417911
1,43,0.5237499999999999,0.3075,2.515,0.6417910447761194,PUSH,1,Fiskeby 1040-4-2,0.6417910447761194
1,44,0.5674999999999999,0.31500000000000006,2.5787500000000003,0.6567164179104478,PUSH,1,Fiskeby 1040-4-2,0.6567164179104478
1,45,0.6112499999999998,0.31500000000000006,2.59375,0.6716417910447762,PUSH,1,Fiskeby 1040-4-2,0.6716417910447762
1,46,0.6325,0.31500000000000006,2.65125,0.6865671641791045,PUSH,1,Fiskeby 1040-4-2,0.6865671641791045
1,47,0.6437499999999999,0.31500000000000006,2.74125,0.7014925373134329,PUSH,1,Fiskeby 1040-4-2,0.7014925373134329
1,48,0.6437499999999999,0.31500000000000006,2.83125,0.7164179104477612,PUSH,1,Fiskeby 1040-4-2,0.7164179104477612
1,49,0.6437499999999999,0.31500000000000006,2.83125,0.7313432835820896,PUSH,1,Fiskeby 1040-4-2,0.7313432835820896
1,50,0.6437499999999999,0.31500000000000006,2.9399999999999995,0.746268656716418,PUSH,1,Fiskeby 1040-4-2,0.746268656716418
1,51,0.6437499999999999,0.34125000000000005,3.0762499999999995,0.7611940298507462,PUSH,1,Fiskeby 1040-4-2,0.7611940298507462
1,52,0.6674999999999999,0.36000000000000004,3.0999999999999996,0.7761194029850746,PUSH,1,Fiskeby 1040-4-2,0.7761194029850746
1,53,0.6899999999999998,0.37125,3.2299999999999995,0.7910447761194029,PUSH,1,Fiskeby 1040-4-2,0.7910447761194029
1,54,0.6899999999999998,0.37125,3.2974999999999994,0.8059701492537313,PUSH,1,Fiskeby 1040-4-2,0.8059701492537313
1,55,0.6899999999999998,0.37125,3.406249999999999,0.8208955223880597,PUSH,1,Fiskeby 1040-4-2,0.8208955223880597
1,56,0.6899999999999998,0.37125,3.454999999999999,0.835820895522388,PUSH,1,Fiskeby 1040-4-2,0.835820895522388
1,57,0.6899999999999998,0.37125,3.5887499999999988,0.8507462686567164,PUSH,1,Fiskeby 1040-4-2,0.8507462686567164
1,58,0.6899999999999998,0.37125,3.626249999999999,0.8656716417910447,PUSH,1,Fiskeby 1040-4-2,0.8656716417910447
1,59,0.6974999999999999,0.37125,3.7187499999999987,0.8805970149253731,PUSH,1,Fiskeby 1040-4-2,0.8805970149253731
1,60,0.7074999999999999,0.38625000000000004,3.8624999999999985,0.8955223880597015,PUSH,1,Fiskeby 1040-4-2,0.8955223880597015
1,61,0.7074999999999999,0.39125,4.001249999999999,0.9104477611940298,PUSH,1,Fiskeby 1040-4-2,0.9104477611940298
1,62,0.74,0.39125,4.063749999999999,0.9253731343283582,PUSH,1,Fiskeby 1040-4-2,0.9253731343283582
1,63,0.7737499999999999,0.39125,4.0699999999999985,0.9402985074626866,PUSH,1,Fiskeby 1040-4-2,0.9402985074626866
1,64,0.7987499999999998,0.39125,4.114999999999999,0.9552238805970149,PUSH,1,Fiskeby 1040-4-2,0.9552238805970149
1,65,0.8887499999999999,0.39125,4.223749999999999,0.9701492537313433,PUSH,1,Fiskeby 1040-4-2,0.9701492537313433
1,66,0.9549999999999998,0.42625,4.261249999999999,0.9850746268656716,PUSH,1,Fiskeby 1040-4-2,0.9850746268656716
1,67,0.9774999999999998,0.45500000000000007,4.358749999999999,1.0,PUSH,1,Fiskeby 1040-4-2,1.0
2,0,0.0,0.0,0.0,0.0,PUSH,2,Fiskeby 1040-4-2,0.0
2,1,0.0,0.0,0.07749999999999999,0.014925373134328358,PUSH,2,Fiskeby 1040-4-2,0.014925373134328358
2,2,0.0,0.0,0.08875,0.029850746268656716,PUSH,2,Fiskeby 1040-4-2,0.029850746268656716
2,3,0.0,0.0,0.08875,0.04477611940298507,PUSH,2,Fiskeby 1040-4-2,0.04477611940298507
2,4,0.0,0.032500000000000015,0.17125,0.05970149253731343,PUSH,2,Fiskeby 1040-4-2,0.05970149253731343
2,5,0.011250000000000005,0.09125000000000001,0.26875,0.07462686567164178,PUSH,2,Fiskeby 1040-4-2,0.07462686567164178
2,6,0.011250000000000005,0.1375,0.39875,0.08955223880597014,PUSH,2,Fiskeby 1040-4-2,0.08955223880597014
2,7,0.04375,0.1375,0.39875,0.1044776119402985,PUSH,2,Fiskeby 1040-4-2,0.1044776119402985
2,8,0.04375,0.1375,0.49499999999999994,0.11940298507462686,PUSH,2,Fiskeby 1040-4-2,0.11940298507462686
2,9,0.06625,0.1375,0.5424999999999999,0.13432835820895522,PUSH,2,Fiskeby 1040-4-2,0.13432835820895522
2,10,0.0925,0.1375,0.6199999999999999,0.14925373134328357,PUSH,2,Fiskeby 1040-4-2,0.14925373134328357
2,11,0.14,0.1375,0.6199999999999999,0.16417910447761194,PUSH,2,Fiskeby 1040-4-2,0.16417910447761194
2,12,0.21125,0.15,0.6525,0.1791044776119403,PUSH,2,Fiskeby 1040-4-2,0.1791044776119403
2,13,0.2875,0.15,0.6525,0.19402985074626866,PUSH,2,Fiskeby 1040-4-2,0.19402985074626866
2,14,0.37374999999999997,0.18375,0.6525,0.208955223880597,PUSH,2,Fiskeby 1040-4-2,0.208955223880597
2,15,0.43624999999999997,0.20249999999999999,0.6525,0.22388059701492538,PUSH,2,Fiskeby 1040-4-2,0.22388059701492538
2,16,0.45875000000000005,0.20249999999999999,0.7725,0.23880597014925373,PUSH,2,Fiskeby 1040-4-2,0.23880597014925373
2,17,0.45875000000000005,0.20249999999999999,0.7725,0.2537313432835821,PUSH,2,Fiskeby 1040-4-2,0.2537313432835821
2,18,0.45875000000000005,0.20249999999999999,0.9175000000000001,0.26865671641791045,PUSH,2,Fiskeby 1040-4-2,0.26865671641791045
2,19,0.45875000000000005,0.20249999999999999,1.0137500000000002,0.2835820895522388,PUSH,2,Fiskeby 1040-4-2,0.2835820895522388
2,20,0.45875000000000005,0.20249999999999999,1.16375,0.29850746268656714,PUSH,2,Fiskeby 1040-4-2,0.29850746268656714
2,21,0.45875000000000005,0.20249999999999999,1.235,0.31343283582089554,PUSH,2,Fiskeby 1040-4-2,0.31343283582089554
2,22,0.45875000000000005,0.20249999999999999,1.235,0.3283582089552239,PUSH,2,Fiskeby 1040-4-2,0.3283582089552239
2,23,0.45875000000000005,0.20249999999999999,1.28875,0.34328358208955223,PUSH,2,Fiskeby 1040-4-2,0.34328358208955223
2,24,0.45875000000000005,0.20249999999999999,1.3250000000000002,0.3582089552238806,PUSH,2,Fiskeby 1040-4-2,0.3582089552238806
2,25,0.45875000000000005,0.20249999999999999,1.3250000000000002,0.373134328358209,PUSH,2,Fiskeby 1040-4-2,0.373134328358209
2,26,0.45875000000000005,0.20249999999999999,1.3250000000000002,0.3880597014925373,PUSH,2,Fiskeby 1040-4-2,0.3880597014925373
2,27,0.47125000000000006,0.20249999999999999,1.3250000000000002,0.40298507462686567,PUSH,2,Fiskeby 1040-4-2,0.40298507462686567
2,28,0.49250000000000005,0.25,1.475,0.417910447761194,PUSH,2,Fiskeby 1040-4-2,0.417910447761194
2,29,0.49250000000000005,0.2725,1.5775000000000001,0.43283582089552236,PUSH,2,Fiskeby 1040-4-2,0.43283582089552236
2,30,0.4950000000000001,0.2725,1.6962500000000003,0.44776119402985076,PUSH,2,Fiskeby 1040-4-2,0.44776119402985076
2,31,0.5137500000000002,0.2725,1.77875,0.4626865671641791,PUSH,2,Fiskeby 1040-4-2,0.4626865671641791
2,32,0.5137500000000002,0.2725,1.9587500000000002,0.47761194029850745,PUSH,2,Fiskeby 1040-4-2,0.47761194029850745
2,33,0.5137500000000002,0.29125,2.0100000000000002,0.4925373134328358,PUSH,2,Fiskeby 1040-4-2,0.4925373134328358
2,34,0.5137500000000002,0.29125,2.0100000000000002,0.5074626865671642,PUSH,2,Fiskeby 1040-4-2,0.5074626865671642
2,35,0.5175000000000001,0.29125,2.0975,0.5223880597014925,PUSH,2,Fiskeby 1040-4-2,0.5223880597014925
2,36,0.5175000000000001,0.29125,2.16,0.5373134328358209,PUSH,2,Fiskeby 1040-4-2,0.5373134328358209
2,37,0.5175000000000001,0.29125,2.26875,0.5522388059701493,PUSH,2,Fiskeby 1040-4-2,0.5522388059701493
2,38,0.5175000000000001,0.29125,2.38375,0.5671641791044776,PUSH,2,Fiskeby 1040-4-2,0.5671641791044776
2,39,0.5175000000000001,0.29125,2.38375,0.582089552238806,PUSH,2,Fiskeby 1040-4-2,0.582089552238806
2,40,0.5175000000000001,0.29125,2.38375,0.5970149253731343,PUSH,2,Fiskeby 1040-4-2,0.5970149253731343
2,41,0.5175000000000001,0.29125,2.43375,0.6119402985074627,PUSH,2,Fiskeby 1040-4-2,0.6119402985074627
2,42,0.5175000000000001,0.29125,2.43375,0.6268656716417911,PUSH,2,Fiskeby 1040-4-2,0.6268656716417911
2,43,0.52125,0.29125,2.5125,0.6417910447761194,PUSH,2,Fiskeby 1040-4-2,0.6417910447761194
2,44,0.52625,0.31,2.5125,0.6567164179104478,PUSH,2,Fiskeby 1040-4-2,0.6567164179104478
2,45,0.5700000000000001,0.3175,2.57625,0.6716417910447762,PUSH,2,Fiskeby 1040-4-2,0.6716417910447762
2,46,0.61375,0.3175,2.5925000000000002,0.6865671641791045,PUSH,2,Fiskeby 1040-4-2,0.6865671641791045
2,47,0.635,0.3175,2.65,0.7014925373134329,PUSH,2,Fiskeby 1040-4-2,0.7014925373134329
2,48,0.64625,0.3175,2.7399999999999998,0.7164179104477612,PUSH,2,Fiskeby 1040-4-2,0.7164179104477612
2,49,0.64625,0.3175,2.8299999999999996,0.7313432835820896,PUSH,2,Fiskeby 1040-4-2,0.7313432835820896
2,50,0.64625,0.3175,2.8299999999999996,0.746268656716418,PUSH,2,Fiskeby 1040-4-2,0.746268656716418
2,51,0.64625,0.3175,2.9387499999999998,0.7611940298507462,PUSH,2,Fiskeby 1040-4-2,0.7611940298507462
2,52,0.64625,0.34500000000000003,3.0749999999999997,0.7761194029850746,PUSH,2,Fiskeby 1040-4-2,0.7761194029850746
2,53,0.6712499999999999,0.36375,3.09875,0.7910447761194029,PUSH,2,Fiskeby 1040-4-2,0.7910447761194029
2,54,0.69375,0.37625000000000003,3.2287499999999993,0.8059701492537313,PUSH,2,Fiskeby 1040-4-2,0.8059701492537313
2,55,0.69375,0.37625000000000003,3.2962499999999992,0.8208955223880597,PUSH,2,Fiskeby 1040-4-2,0.8208955223880597
2,56,0.69375,0.37625000000000003,3.404999999999999,0.835820895522388,PUSH,2,Fiskeby 1040-4-2,0.835820895522388
2,57,0.69375,0.37625000000000003,3.4537499999999985,0.8507462686567164,PUSH,2,Fiskeby 1040-4-2,0.8507462686567164
2,58,0.69375,0.37625000000000003,3.5874999999999986,0.8656716417910447,PUSH,2,Fiskeby 1040-4-2,0.8656716417910447
2,59,0.69375,0.37625000000000003,3.6249999999999987,0.8805970149253731,PUSH,2,Fiskeby 1040-4-2,0.8805970149253731
2,60,0.70125,0.37625000000000003,3.7174999999999985,0.8955223880597015,PUSH,2,Fiskeby 1040-4-2,0.8955223880597015
2,61,0.71125,0.3925,3.8612499999999983,0.9104477611940298,PUSH,2,Fiskeby 1040-4-2,0.9104477611940298
2,62,0.71125,0.39875000000000005,3.9999999999999987,0.9253731343283582,PUSH,2,Fiskeby 1040-4-2,0.9253731343283582
2,63,0.7437500000000001,0.39875000000000005,4.062499999999998,0.9402985074626866,PUSH,2,Fiskeby 1040-4-2,0.9402985074626866
2,64,0.7787500000000002,0.39875000000000005,4.068749999999999,0.9552238805970149,PUSH,2,Fiskeby 1040-4-2,0.9552238805970149
2,65,0.805,0.39875000000000005,4.113749999999999,0.9701492537313433,PUSH,2,Fiskeby 1040-4-2,0.9701492537313433
2,66,0.8950000000000001,0.39875000000000005,4.222499999999998,0.9850746268656716,PUSH,2,Fiskeby 1040-4-2,0.9850746268656716
2,67,0.9625,0.43375,4.259999999999999,1.0,PUSH,2,Fiskeby 1040-4-2,1.0
3,0,0.0,0.0,0.0,0.0,PUSH,3,Fiskeby 1040-4-2,0.0
3,1,0.0,0.0,0.07749999999999999,0.014925373134328358,PUSH,3,Fiskeby 1040-4-2,0.014925373134328358
3,2,0.0,0.0,0.08875,0.029850746268656716,PUSH,3,Fiskeby 1040-4-2,0.029850746268656716
3,3,0.0,0.0,0.08875,0.04477611940298507,PUSH,3,Fiskeby 1040-4-2,0.04477611940298507
3,4,0.0,0.032500000000000015,0.17125,0.05970149253731343,PUSH,3,Fiskeby 1040-4-2,0.05970149253731343
3,5,0.011250000000000005,0.09125000000000001,0.26875,0.07462686567164178,PUSH,3,Fiskeby 1040-4-2,0.07462686567164178
3,6,0.011250000000000005,0.1375,0.39875,0.08955223880597014,PUSH,3,Fiskeby 1040-4-2,0.08955223880597014
3,7,0.04375,0.1375,0.39875,0.1044776119402985,PUSH,3,Fiskeby 1040-4-2,0.1044776119402985
3,8,0.04375,0.1375,0.49499999999999994,0.11940298507462686,PUSH,3,Fiskeby 1040-4-2,0.11940298507462686
3,9,0.0675,0.1375,0.5424999999999999,0.13432835820895522,PUSH,3,Fiskeby 1040-4-2,0.13432835820895522
3,10,0.09375,0.1375,0.6199999999999999,0.14925373134328357,PUSH,3,Fiskeby 1040-4-2,0.14925373134328357
3,11,0.14125000000000001,0.1375,0.6199999999999999,0.16417910447761194,PUSH,3,Fiskeby 1040-4-2,0.16417910447761194
3,12,0.21375000000000002,0.15,0.6525,0.1791044776119403,PUSH,3,Fiskeby 1040-4-2,0.1791044776119403
3,13,0.29000000000000004,0.15,0.6525,0.19402985074626866,PUSH,3,Fiskeby 1040-4-2,0.19402985074626866
3,14,0.37625000000000003,0.18375,0.6525,0.208955223880597,PUSH,3,Fiskeby 1040-4-2,0.208955223880597
3,15,0.43875000000000003,0.20249999999999999,0.6525,0.22388059701492538,PUSH,3,Fiskeby 1040-4-2,0.22388059701492538
3,16,0.46125000000000005,0.20249999999999999,0.77125,0.23880597014925373,PUSH,3,Fiskeby 1040-4-2,0.23880597014925373
3,17,0.46125000000000005,0.20249999999999999,0.77125,0.2537313432835821,PUSH,3,Fiskeby 1040-4-2,0.2537313432835821
3,18,0.46125000000000005,0.20249999999999999,0.91625,0.26865671641791045,PUSH,3,Fiskeby 1040-4-2,0.26865671641791045
3,19,0.46125000000000005,0.20249999999999999,1.0125,0.2835820895522388,PUSH,3,Fiskeby 1040-4-2,0.2835820895522388
3,20,0.46125000000000005,0.20249999999999999,1.1625,0.29850746268656714,PUSH,3,Fiskeby 1040-4-2,0.29850746268656714
3,21,0.46125000000000005,0.20249999999999999,1.2337500000000001,0.31343283582089554,PUSH,3,Fiskeby 1040-4-2,0.31343283582089554
3,22,0.46125000000000005,0.20249999999999999,1.2337500000000001,0.3283582089552239,PUSH,3,Fiskeby 1040-4-2,0.3283582089552239
3,23,0.46125000000000005,0.20249999999999999,1.2875,0.34328358208955223,PUSH,3,Fiskeby 1040-4-2,0.34328358208955223
3,24,0.46125000000000005,0.20249999999999999,1.32375,0.3582089552238806,PUSH,3,Fiskeby 1040-4-2,0.3582089552238806
3,25,0.46125000000000005,0.20249999999999999,1.32375,0.373134328358209,PUSH,3,Fiskeby 1040-4-2,0.373134328358209
3,26,0.46125000000000005,0.20249999999999999,1.32375,0.3880597014925373,PUSH,3,Fiskeby 1040-4-2,0.3880597014925373
3,27,0.47375000000000006,0.20249999999999999,1.32375,0.40298507462686567,PUSH,3,Fiskeby 1040-4-2,0.40298507462686567
3,28,0.49625,0.25125,1.4737500000000001,0.417910447761194,PUSH,3,Fiskeby 1040-4-2,0.417910447761194
3,29,0.49625,0.27375,1.5762500000000002,0.43283582089552236,PUSH,3,Fiskeby 1040-4-2,0.43283582089552236
3,30,0.5,0.27375,1.6950000000000003,0.44776119402985076,PUSH,3,Fiskeby 1040-4-2,0.44776119402985076
3,31,0.52,0.27375,1.7775000000000003,0.4626865671641791,PUSH,3,Fiskeby 1040-4-2,0.4626865671641791
3,32,0.52,0.27375,1.9575000000000002,0.47761194029850745,PUSH,3,Fiskeby 1040-4-2,0.47761194029850745
3,33,0.52,0.2925,2.00875,0.4925373134328358,PUSH,3,Fiskeby 1040-4-2,0.4925373134328358
3,34,0.52,0.2925,2.00875,0.5074626865671642,PUSH,3,Fiskeby 1040-4-2,0.5074626865671642
3,35,0.525,0.2925,2.0962500000000004,0.5223880597014925,PUSH,3,Fiskeby 1040-4-2,0.5223880597014925
3,36,0.525,0.2925,2.1587500000000004,0.5373134328358209,PUSH,3,Fiskeby 1040-4-2,0.5373134328358209
3,37,0.525,0.2925,2.2675,0.5522388059701493,PUSH,3,Fiskeby 1040-4-2,0.5522388059701493
3,38,0.525,0.2925,2.3825,0.5671641791044776,PUSH,3,Fiskeby 1040-4-2,0.5671641791044776
3,39,0.525,0.2925,2.3825,0.582089552238806,PUSH,3,Fiskeby 1040-4-2,0.582089552238806
3,40,0.525,0.2925,2.3825,0.5970149253731343,PUSH,3,Fiskeby 1040-4-2,0.5970149253731343
3,41,0.525,0.2925,2.4325,0.6119402985074627,PUSH,3,Fiskeby 1040-4-2,0.6119402985074627
3,42,0.525,0.2925,2.4325,0.6268656716417911,PUSH,3,Fiskeby 1040-4-2,0.6268656716417911
3,43,0.53,0.2925,2.5125,0.6417910447761194,PUSH,3,Fiskeby 1040-4-2,0.6417910447761194
3,44,0.5349999999999999,0.31124999999999997,2.5125,0.6567164179104478,PUSH,3,Fiskeby 1040-4-2,0.6567164179104478
3,45,0.57875,0.31875,2.57625,0.6716417910447762,PUSH,3,Fiskeby 1040-4-2,0.6716417910447762
3,46,0.6224999999999999,0.31875,2.5925000000000002,0.6865671641791045,PUSH,3,Fiskeby 1040-4-2,0.6865671641791045
3,47,0.6449999999999999,0.31875,2.65,0.7014925373134329,PUSH,3,Fiskeby 1040-4-2,0.7014925373134329
3,48,0.6562499999999999,0.31875,2.7399999999999998,0.7164179104477612,PUSH,3,Fiskeby 1040-4-2,0.7164179104477612
3,49,0.6562499999999999,0.31875,2.8299999999999996,0.7313432835820896,PUSH,3,Fiskeby 1040-4-2,0.7313432835820896
3,50,0.6562499999999999,0.31875,2.8299999999999996,0.746268656716418,PUSH,3,Fiskeby 1040-4-2,0.746268656716418
3,51,0.6562499999999999,0.31875,2.94,0.7611940298507462,PUSH,3,Fiskeby 1040-4-2,0.7611940298507462
3,52,0.6562499999999999,0.34625,3.0774999999999997,0.7761194029850746,PUSH,3,Fiskeby 1040-4-2,0.7761194029850746
3,53,0.6812499999999999,0.365,3.1025,0.7910447761194029,PUSH,3,Fiskeby 1040-4-2,0.7910447761194029
3,54,0.7049999999999998,0.3775,3.2337499999999997,0.8059701492537313,PUSH,3,Fiskeby 1040-4-2,0.8059701492537313
3,55,0.7049999999999998,0.3775,3.3012499999999996,0.8208955223880597,PUSH,3,Fiskeby 1040-4-2,0.8208955223880597
3,56,0.7049999999999998,0.3775,3.41125,0.835820895522388,PUSH,3,Fiskeby 1040-4-2,0.835820895522388
3,57,0.7049999999999998,0.3775,3.4599999999999995,0.8507462686567164,PUSH,3,Fiskeby 1040-4-2,0.8507462686567164
3,58,0.7049999999999998,0.3775,3.593749999999999,0.8656716417910447,PUSH,3,Fiskeby 1040-4-2,0.8656716417910447
3,59,0.7049999999999998,0.3775,3.6324999999999994,0.8805970149253731,PUSH,3,Fiskeby 1040-4-2,0.8805970149253731
3,60,0.7137499999999999,0.3775,3.724999999999999,0.8955223880597015,PUSH,3,Fiskeby 1040-4-2,0.8955223880597015
3,61,0.7249999999999999,0.39375,3.8687499999999995,0.9104477611940298,PUSH,3,Fiskeby 1040-4-2,0.9104477611940298
3,62,0.7249999999999999,0.4,4.007499999999999,0.9253731343283582,PUSH,3,Fiskeby 1040-4-2,0.9253731343283582
3,63,0.7575,0.4,4.069999999999999,0.9402985074626866,PUSH,3,Fiskeby 1040-4-2,0.9402985074626866
3,64,0.7924999999999999,0.40125,4.0775,0.9552238805970149,PUSH,3,Fiskeby 1040-4-2,0.9552238805970149
3,65,0.8187499999999999,0.40125,4.1225000000000005,0.9701492537313433,PUSH,3,Fiskeby 1040-4-2,0.9701492537313433
3,66,0.9087499999999998,0.40125,4.23125,0.9850746268656716,PUSH,3,Fiskeby 1040-4-2,0.9850746268656716
3,67,0.97625,0.4375,4.26875,1.0,PUSH,3,Fiskeby 1040-4-2,1.0
4,0,0.0,0.0,0.0,0.0,PUSH,4,Fiskeby 1040-4-2,0.0
4,1,0.0,0.0,0.07749999999999999,0.014925373134328358,PUSH,4,Fiskeby 1040-4-2,0.014925373134328358
4,2,0.0,0.0,0.08875,0.029850746268656716,PUSH,4,Fiskeby 1040-4-2,0.029850746268656716
4,3,0.0,0.0,0.08875,0.04477611940298507,PUSH,4,Fiskeby 1040-4-2,0.04477611940298507
4,4,0.0,0.032500000000000015,0.17125,0.05970149253731343,PUSH,4,Fiskeby 1040-4-2,0.05970149253731343
4,5,0.0125,0.09125000000000001,0.26875,0.07462686567164178,PUSH,4,Fiskeby 1040-4-2,0.07462686567164178
4,6,0.0125,0.1375,0.39875,0.08955223880597014,PUSH,4,Fiskeby 1040-4-2,0.08955223880597014
4,7,0.045,0.1375,0.39875,0.1044776119402985,PUSH,4,Fiskeby 1040-4-2,0.1044776119402985
4,8,0.045,0.1375,0.49499999999999994,0.11940298507462686,PUSH,4,Fiskeby 1040-4-2,0.11940298507462686
4,9,0.06875,0.1375,0.5424999999999999,0.13432835820895522,PUSH,4,Fiskeby 1040-4-2,0.13432835820895522
4,10,0.095,0.1375,0.6187499999999999,0.14925373134328357,PUSH,4,Fiskeby 1040-4-2,0.14925373134328357
4,11,0.14250000000000002,0.1375,0.6187499999999999,0.16417910447761194,PUSH,4,Fiskeby 1040-4-2,0.16417910447761194
4,12,0.21500000000000002,0.15125000000000002,0.6512499999999999,0.1791044776119403,PUSH,4,Fiskeby 1040-4-2,0.1791044776119403
4,13,0.29125000000000006,0.15125000000000002,0.6512499999999999,0.19402985074626866,PUSH,4,Fiskeby 1040-4-2,0.19402985074626866
4,14,0.37750000000000006,0.185,0.6512499999999999,0.208955223880597,PUSH,4,Fiskeby 1040-4-2,0.208955223880597
4,15,0.44125000000000003,0.20375000000000001,0.6512499999999999,0.22388059701492538,PUSH,4,Fiskeby 1040-4-2,0.22388059701492538
4,16,0.4637500000000001,0.20375000000000001,0.7699999999999999,0.23880597014925373,PUSH,4,Fiskeby 1040-4-2,0.23880597014925373
4,17,0.4637500000000001,0.20375000000000001,0.7699999999999999,0.2537313432835821,PUSH,4,Fiskeby 1040-4-2,0.2537313432835821
4,18,0.4637500000000001,0.20375000000000001,0.9149999999999998,0.26865671641791045,PUSH,4,Fiskeby 1040-4-2,0.26865671641791045
4,19,0.4637500000000001,0.20375000000000001,1.01125,0.2835820895522388,PUSH,4,Fiskeby 1040-4-2,0.2835820895522388
4,20,0.4637500000000001,0.20375000000000001,1.16125,0.29850746268656714,PUSH,4,Fiskeby 1040-4-2,0.29850746268656714
4,21,0.4637500000000001,0.20375000000000001,1.2325,0.31343283582089554,PUSH,4,Fiskeby 1040-4-2,0.31343283582089554
4,22,0.4637500000000001,0.20375000000000001,1.2325,0.3283582089552239,PUSH,4,Fiskeby 1040-4-2,0.3283582089552239
4,23,0.4637500000000001,0.20375000000000001,1.28625,0.34328358208955223,PUSH,4,Fiskeby 1040-4-2,0.34328358208955223
4,24,0.4637500000000001,0.20375000000000001,1.3225,0.3582089552238806,PUSH,4,Fiskeby 1040-4-2,0.3582089552238806
4,25,0.4637500000000001,0.20375000000000001,1.3225,0.373134328358209,PUSH,4,Fiskeby 1040-4-2,0.373134328358209
4,26,0.4637500000000001,0.20375000000000001,1.3225,0.3880597014925373,PUSH,4,Fiskeby 1040-4-2,0.3880597014925373
4,27,0.4762500000000001,0.20375000000000001,1.3225,0.40298507462686567,PUSH,4,Fiskeby 1040-4-2,0.40298507462686567
4,28,0.4987500000000001,0.2525,1.4725,0.417910447761194,PUSH,4,Fiskeby 1040-4-2,0.417910447761194
4,29,0.4987500000000001,0.275,1.575,0.43283582089552236,PUSH,4,Fiskeby 1040-4-2,0.43283582089552236
4,30,0.5025000000000001,0.275,1.69375,0.44776119402985076,PUSH,4,Fiskeby 1040-4-2,0.44776119402985076
4,31,0.5225000000000001,0.275,1.7762499999999999,0.4626865671641791,PUSH,4,Fiskeby 1040-4-2,0.4626865671641791
4,32,0.5225000000000001,0.275,1.95625,0.47761194029850745,PUSH,4,Fiskeby 1040-4-2,0.47761194029850745
4,33,0.5225000000000001,0.29375,2.0075,0.4925373134328358,PUSH,4,Fiskeby 1040-4-2,0.4925373134328358
4,34,0.5225000000000001,0.29375,2.0075,0.5074626865671642,PUSH,4,Fiskeby 1040-4-2,0.5074626865671642
4,35,0.5275000000000001,0.29375,2.0949999999999998,0.5223880597014925,PUSH,4,Fiskeby 1040-4-2,0.5223880597014925
4,36,0.5275000000000001,0.29375,2.1574999999999998,0.5373134328358209,PUSH,4,Fiskeby 1040-4-2,0.5373134328358209
4,37,0.5275000000000001,0.29375,2.26625,0.5522388059701493,PUSH,4,Fiskeby 1040-4-2,0.5522388059701493
4,38,0.5275000000000001,0.29375,2.3812499999999996,0.5671641791044776,PUSH,4,Fiskeby 1040-4-2,0.5671641791044776
4,39,0.5275000000000001,0.29375,2.3812499999999996,0.582089552238806,PUSH,4,Fiskeby 1040-4-2,0.582089552238806
4,40,0.5275000000000001,0.29375,2.3812499999999996,0.5970149253731343,PUSH,4,Fiskeby 1040-4-2,0.5970149253731343
4,41,0.5275000000000001,0.29375,2.4324999999999997,0.6119402985074627,PUSH,4,Fiskeby 1040-4-2,0.6119402985074627
4,42,0.5275000000000001,0.29375,2.4324999999999997,0.6268656716417911,PUSH,4,Fiskeby 1040-4-2,0.6268656716417911
4,43,0.5325,0.29375,2.5124999999999997,0.6417910447761194,PUSH,4,Fiskeby 1040-4-2,0.6417910447761194
4,44,0.5375,0.3125,2.5124999999999997,0.6567164179104478,PUSH,4,Fiskeby 1040-4-2,0.6567164179104478
4,45,0.58125,0.32125,2.5774999999999997,0.6716417910447762,PUSH,4,Fiskeby 1040-4-2,0.6716417910447762
4,46,0.625,0.32125,2.5937499999999996,0.6865671641791045,PUSH,4,Fiskeby 1040-4-2,0.6865671641791045
4,47,0.6475,0.32125,2.6512499999999997,0.7014925373134329,PUSH,4,Fiskeby 1040-4-2,0.7014925373134329
4,48,0.6599999999999999,0.32125,2.7424999999999997,0.7164179104477612,PUSH,4,Fiskeby 1040-4-2,0.7164179104477612
4,49,0.6599999999999999,0.32125,2.8324999999999996,0.7313432835820896,PUSH,4,Fiskeby 1040-4-2,0.7313432835820896
4,50,0.6599999999999999,0.32125,2.8324999999999996,0.746268656716418,PUSH,4,Fiskeby 1040-4-2,0.746268656716418
4,51,0.6599999999999999,0.32125,2.9425,0.7611940298507462,PUSH,4,Fiskeby 1040-4-2,0.7611940298507462
4,52,0.6599999999999999,0.34875,3.0799999999999996,0.7761194029850746,PUSH,4,Fiskeby 1040-4-2,0.7761194029850746
4,53,0.6849999999999999,0.36875,3.1049999999999995,0.7910447761194029,PUSH,4,Fiskeby 1040-4-2,0.7910447761194029
4,54,0.70875,0.38125,3.2362499999999996,0.8059701492537313,PUSH,4,Fiskeby 1040-4-2,0.8059701492537313
4,55,0.70875,0.38125,3.3037499999999995,0.8208955223880597,PUSH,4,Fiskeby 1040-4-2,0.8208955223880597
4,56,0.70875,0.38125,3.4137499999999994,0.835820895522388,PUSH,4,Fiskeby 1040-4-2,0.835820895522388
4,57,0.70875,0.38125,3.4624999999999995,0.8507462686567164,PUSH,4,Fiskeby 1040-4-2,0.8507462686567164
4,58,0.70875,0.38125,3.596249999999999,0.8656716417910447,PUSH,4,Fiskeby 1040-4-2,0.8656716417910447
4,59,0.70875,0.38125,3.6349999999999993,0.8805970149253731,PUSH,4,Fiskeby 1040-4-2,0.8805970149253731
4,60,0.7174999999999999,0.38125,3.727499999999999,0.8955223880597015,PUSH,4,Fiskeby 1040-4-2,0.8955223880597015
4,61,0.7287499999999999,0.3975,3.8724999999999996,0.9104477611940298,PUSH,4,Fiskeby 1040-4-2,0.9104477611940298
4,62,0.7287499999999999,0.40374999999999994,4.012499999999999,0.9253731343283582,PUSH,4,Fiskeby 1040-4-2,0.9253731343283582
4,63,0.7624999999999998,0.40374999999999994,4.074999999999999,0.9402985074626866,PUSH,4,Fiskeby 1040-4-2,0.9402985074626866
4,64,0.7974999999999998,0.40499999999999997,4.0825,0.9552238805970149,PUSH,4,Fiskeby 1040-4-2,0.9552238805970149
4,65,0.8237499999999998,0.40499999999999997,4.1274999999999995,0.9701492537313433,PUSH,4,Fiskeby 1040-4-2,0.9701492537313433
4,66,0.9149999999999997,0.40499999999999997,4.23625,0.9850746268656716,PUSH,4,Fiskeby 1040-4-2,0.9850746268656716
4,67,0.9824999999999996,0.44125,4.27375,1.0,PUSH,4,Fiskeby 1040-4-2,1.0
5,0,0.0,0.0,0.07749999999999999,0.0,PUSH,5,Fiskeby 1040-4-2,0.0
5,1,0.0,0.0,0.08875,0.014925373134328358,PUSH,5,Fiskeby 1040-4-2,0.014925373134328358
5,2,0.0,0.0,0.08875,0.029850746268656716,PUSH,5,Fiskeby 1040-4-2,0.029850746268656716
5,3,0.0,0.032500000000000015,0.17125,0.04477611940298507,PUSH,5,Fiskeby 1040-4-2,0.04477611940298507
5,4,0.0125,0.09125000000000001,0.26875,0.05970149253731343,PUSH,5,Fiskeby 1040-4-2,0.05970149253731343
5,5,0.0125,0.1375,0.3975,0.07462686567164178,PUSH,5,Fiskeby 1040-4-2,0.07462686567164178
5,6,0.045,0.1375,0.3975,0.08955223880597014,PUSH,5,Fiskeby 1040-4-2,0.08955223880597014
5,7,0.045,0.1375,0.49375,0.1044776119402985,PUSH,5,Fiskeby 1040-4-2,0.1044776119402985
5,8,0.06875,0.1375,0.54,0.11940298507462686,PUSH,5,Fiskeby 1040-4-2,0.11940298507462686
5,9,0.095,0.1375,0.6162500000000001,0.13432835820895522,PUSH,5,Fiskeby 1040-4-2,0.13432835820895522
5,10,0.14250000000000002,0.1375,0.6162500000000001,0.14925373134328357,PUSH,5,Fiskeby 1040-4-2,0.14925373134328357
5,11,0.21500000000000002,0.15125000000000002,0.64875,0.16417910447761194,PUSH,5,Fiskeby 1040-4-2,0.16417910447761194
5,12,0.29125000000000006,0.15125000000000002,0.64875,0.1791044776119403,PUSH,5,Fiskeby 1040-4-2,0.1791044776119403
5,13,0.37750000000000006,0.185,0.64875,0.19402985074626866,PUSH,5,Fiskeby 1040-4-2,0.19402985074626866
5,14,0.44125000000000003,0.20375000000000001,0.64875,0.208955223880597,PUSH,5,Fiskeby 1040-4-2,0.208955223880597
5,15,0.4637500000000001,0.20375000000000001,0.7675000000000001,0.22388059701492538,PUSH,5,Fiskeby 1040-4-2,0.22388059701492538
5,16,0.4637500000000001,0.20375000000000001,0.7675000000000001,0.23880597014925373,PUSH,5,Fiskeby 1040-4-2,0.23880597014925373
5,17,0.4637500000000001,0.20375000000000001,0.9125,0.2537313432835821,PUSH,5,Fiskeby 1040-4-2,0.2537313432835821
5,18,0.4637500000000001,0.20375000000000001,1.00875,0.26865671641791045,PUSH,5,Fiskeby 1040-4-2,0.26865671641791045
5,19,0.4637500000000001,0.20375000000000001,1.15875,0.2835820895522388,PUSH,5,Fiskeby 1040-4-2,0.2835820895522388
5,20,0.4637500000000001,0.20375000000000001,1.23,0.29850746268656714,PUSH,5,Fiskeby 1040-4-2,0.29850746268656714
5,21,0.4637500000000001,0.20375000000000001,1.23,0.31343283582089554,PUSH,5,Fiskeby 1040-4-2,0.31343283582089554
5,22,0.4637500000000001,0.20375000000000001,1.28375,0.3283582089552239,PUSH,5,Fiskeby 1040-4-2,0.3283582089552239
5,23,0.4637500000000001,0.20375000000000001,1.32,0.34328358208955223,PUSH,5,Fiskeby 1040-4-2,0.34328358208955223
5,24,0.4637500000000001,0.20375000000000001,1.32,0.3582089552238806,PUSH,5,Fiskeby 1040-4-2,0.3582089552238806
5,25,0.4637500000000001,0.20375000000000001,1.32,0.373134328358209,PUSH,5,Fiskeby 1040-4-2,0.373134328358209
5,26,0.4762500000000001,0.20375000000000001,1.32,0.3880597014925373,PUSH,5,Fiskeby 1040-4-2,0.3880597014925373
5,27,0.4987500000000001,0.2525,1.4700000000000002,0.40298507462686567,PUSH,5,Fiskeby 1040-4-2,0.40298507462686567
5,28,0.4987500000000001,0.275,1.5725000000000002,0.417910447761194,PUSH,5,Fiskeby 1040-4-2,0.417910447761194
5,29,0.5025000000000001,0.275,1.6912500000000001,0.43283582089552236,PUSH,5,Fiskeby 1040-4-2,0.43283582089552236
5,30,0.5225000000000001,0.275,1.7737500000000002,0.44776119402985076,PUSH,5,Fiskeby 1040-4-2,0.44776119402985076
5,31,0.5225000000000001,0.275,1.95375,0.4626865671641791,PUSH,5,Fiskeby 1040-4-2,0.4626865671641791
5,32,0.52375,0.29500000000000004,2.005,0.47761194029850745,PUSH,5,Fiskeby 1040-4-2,0.47761194029850745
5,33,0.52375,0.29500000000000004,2.005,0.4925373134328358,PUSH,5,Fiskeby 1040-4-2,0.4925373134328358
5,34,0.52875,0.29500000000000004,2.0925000000000002,0.5074626865671642,PUSH,5,Fiskeby 1040-4-2,0.5074626865671642
5,35,0.52875,0.29500000000000004,2.1550000000000002,0.5223880597014925,PUSH,5,Fiskeby 1040-4-2,0.5223880597014925
5,36,0.52875,0.29500000000000004,2.26375,0.5373134328358209,PUSH,5,Fiskeby 1040-4-2,0.5373134328358209
5,37,0.52875,0.29500000000000004,2.3787499999999997,0.5522388059701493,PUSH,5,Fiskeby 1040-4-2,0.5522388059701493
5,38,0.52875,0.29500000000000004,2.3787499999999997,0.5671641791044776,PUSH,5,Fiskeby 1040-4-2,0.5671641791044776
5,39,0.52875,0.29500000000000004,2.3787499999999997,0.582089552238806,PUSH,5,Fiskeby 1040-4-2,0.582089552238806
5,40,0.52875,0.29500000000000004,2.4299999999999997,0.5970149253731343,PUSH,5,Fiskeby 1040-4-2,0.5970149253731343
5,41,0.52875,0.29500000000000004,2.4299999999999997,0.6119402985074627,PUSH,5,Fiskeby 1040-4-2,0.6119402985074627
5,42,0.5337500000000001,0.29500000000000004,2.51,0.6268656716417911,PUSH,5,Fiskeby 1040-4-2,0.6268656716417911
5,43,0.54,0.31500000000000006,2.51,0.6417910447761194,PUSH,5,Fiskeby 1040-4-2,0.6417910447761194
5,44,0.5850000000000001,0.32375000000000004,2.5749999999999997,0.6567164179104478,PUSH,5,Fiskeby 1040-4-2,0.6567164179104478
5,45,0.6300000000000001,0.32375000000000004,2.5912499999999996,0.6716417910447762,PUSH,5,Fiskeby 1040-4-2,0.6716417910447762
5,46,0.6525000000000001,0.32375000000000004,2.6499999999999995,0.6865671641791045,PUSH,5,Fiskeby 1040-4-2,0.6865671641791045
5,47,0.665,0.32375000000000004,2.74125,0.7014925373134329,PUSH,5,Fiskeby 1040-4-2,0.7014925373134329
5,48,0.665,0.32375000000000004,2.83125,0.7164179104477612,PUSH,5,Fiskeby 1040-4-2,0.7164179104477612
5,49,0.665,0.32375000000000004,2.83125,0.7313432835820896,PUSH,5,Fiskeby 1040-4-2,0.7313432835820896
5,50,0.665,0.32375000000000004,2.9412499999999997,0.746268656716418,PUSH,5,Fiskeby 1040-4-2,0.746268656716418
5,51,0.665,0.35250000000000004,3.07875,0.7611940298507462,PUSH,5,Fiskeby 1040-4-2,0.7611940298507462
5,52,0.69125,0.37250000000000005,3.10375,0.7761194029850746,PUSH,5,Fiskeby 1040-4-2,0.7761194029850746
5,53,0.7150000000000001,0.3862500000000001,3.2349999999999994,0.7910447761194029,PUSH,5,Fiskeby 1040-4-2,0.7910447761194029
5,54,0.7150000000000001,0.3862500000000001,3.3037499999999995,0.8059701492537313,PUSH,5,Fiskeby 1040-4-2,0.8059701492537313
5,55,0.7150000000000001,0.3862500000000001,3.4137499999999994,0.8208955223880597,PUSH,5,Fiskeby 1040-4-2,0.8208955223880597
5,56,0.7150000000000001,0.3862500000000001,3.4624999999999995,0.835820895522388,PUSH,5,Fiskeby 1040-4-2,0.835820895522388
5,57,0.7150000000000001,0.3862500000000001,3.596249999999999,0.8507462686567164,PUSH,5,Fiskeby 1040-4-2,0.8507462686567164
5,58,0.7150000000000001,0.3862500000000001,3.6349999999999993,0.8656716417910447,PUSH,5,Fiskeby 1040-4-2,0.8656716417910447
5,59,0.725,0.3862500000000001,3.727499999999999,0.8805970149253731,PUSH,5,Fiskeby 1040-4-2,0.8805970149253731
5,60,0.73625,0.40375000000000005,3.8724999999999996,0.8955223880597015,PUSH,5,Fiskeby 1040-4-2,0.8955223880597015
5,61,0.73625,0.41000000000000003,4.012499999999999,0.9104477611940298,PUSH,5,Fiskeby 1040-4-2,0.9104477611940298
5,62,0.7699999999999999,0.41000000000000003,4.074999999999999,0.9253731343283582,PUSH,5,Fiskeby 1040-4-2,0.9253731343283582
5,63,0.80625,0.41125000000000006,4.0825,0.9402985074626866,PUSH,5,Fiskeby 1040-4-2,0.9402985074626866
5,64,0.83375,0.41125000000000006,4.1274999999999995,0.9552238805970149,PUSH,5,Fiskeby 1040-4-2,0.9552238805970149
5,65,0.925,0.41125000000000006,4.23625,0.9701492537313433,PUSH,5,Fiskeby 1040-4-2,0.9701492537313433
5,66,0.9925,0.44750000000000006,4.275,0.9850746268656716,PUSH,5,Fiskeby 1040-4-2,0.9850746268656716
5,67,1.01625,0.47750000000000004,4.3725000000000005,1.0,PUSH,5,Fiskeby 1040-4-2,1.0
6,0,0.0,0.0,0.0,0.0,PUSH,6,Fiskeby 1040-4-2,0.0
6,1,0.0,0.0,0.07749999999999999,0.014925373134328358,PUSH,6,Fiskeby 1040-4-2,0.014925373134328358
6,2,0.0,0.0,0.08875,0.029850746268656716,PUSH,6,Fiskeby 1040-4-2,0.029850746268656716
6,3,0.0,0.0,0.08875,0.04477611940298507,PUSH,6,Fiskeby 1040-4-2,0.04477611940298507
6,4,0.0,0.032500000000000015,0.17125,0.05970149253731343,PUSH,6,Fiskeby 1040-4-2,0.05970149253731343
6,5,0.0125,0.09125000000000001,0.26875,0.07462686567164178,PUSH,6,Fiskeby 1040-4-2,0.07462686567164178
6,6,0.0125,0.1375,0.3975,0.08955223880597014,PUSH,6,Fiskeby 1040-4-2,0.08955223880597014
6,7,0.04624999999999999,0.1375,0.3975,0.1044776119402985,PUSH,6,Fiskeby 1040-4-2,0.1044776119402985
6,8,0.04624999999999999,0.1375,0.49375,0.11940298507462686,PUSH,6,Fiskeby 1040-4-2,0.11940298507462686
6,9,0.06999999999999999,0.1375,0.54,0.13432835820895522,PUSH,6,Fiskeby 1040-4-2,0.13432835820895522
6,10,0.09624999999999999,0.1375,0.6162500000000001,0.14925373134328357,PUSH,6,Fiskeby 1040-4-2,0.14925373134328357
6,11,0.14375,0.1375,0.6162500000000001,0.16417910447761194,PUSH,6,Fiskeby 1040-4-2,0.16417910447761194
6,12,0.21625,0.15125000000000002,0.64875,0.1791044776119403,PUSH,6,Fiskeby 1040-4-2,0.1791044776119403
6,13,0.29250000000000004,0.15125000000000002,0.64875,0.19402985074626866,PUSH,6,Fiskeby 1040-4-2,0.19402985074626866
6,14,0.37875000000000003,0.185,0.64875,0.208955223880597,PUSH,6,Fiskeby 1040-4-2,0.208955223880597
6,15,0.44250000000000006,0.20500000000000002,0.64875,0.22388059701492538,PUSH,6,Fiskeby 1040-4-2,0.22388059701492538
6,16,0.465,0.20500000000000002,0.7675000000000001,0.23880597014925373,PUSH,6,Fiskeby 1040-4-2,0.23880597014925373
6,17,0.465,0.20500000000000002,0.7675000000000001,0.2537313432835821,PUSH,6,Fiskeby 1040-4-2,0.2537313432835821
6,18,0.465,0.20500000000000002,0.9125,0.26865671641791045,PUSH,6,Fiskeby 1040-4-2,0.26865671641791045
6,19,0.465,0.20500000000000002,1.00875,0.2835820895522388,PUSH,6,Fiskeby 1040-4-2,0.2835820895522388
6,20,0.465,0.20500000000000002,1.15875,0.29850746268656714,PUSH,6,Fiskeby 1040-4-2,0.29850746268656714
6,21,0.465,0.20500000000000002,1.23,0.31343283582089554,PUSH,6,Fiskeby 1040-4-2,0.31343283582089554
6,22,0.465,0.20500000000000002,1.23,0.3283582089552239,PUSH,6,Fiskeby 1040-4-2,0.3283582089552239
6,23,0.465,0.20500000000000002,1.28375,0.34328358208955223,PUSH,6,Fiskeby 1040-4-2,0.34328358208955223
6,24,0.465,0.20500000000000002,1.32,0.3582089552238806,PUSH,6,Fiskeby 1040-4-2,0.3582089552238806
6,25,0.465,0.20500000000000002,1.32,0.373134328358209,PUSH,6,Fiskeby 1040-4-2,0.373134328358209
6,26,0.465,0.20500000000000002,1.32,0.3880597014925373,PUSH,6,Fiskeby 1040-4-2,0.3880597014925373
6,27,0.47750000000000004,0.20500000000000002,1.32,0.40298507462686567,PUSH,6,Fiskeby 1040-4-2,0.40298507462686567
6,28,0.5,0.25375000000000003,1.4700000000000002,0.417910447761194,PUSH,6,Fiskeby 1040-4-2,0.417910447761194
6,29,0.5,0.27749999999999997,1.5725000000000002,0.43283582089552236,PUSH,6,Fiskeby 1040-4-2,0.43283582089552236
6,30,0.5037499999999999,0.27749999999999997,1.6912500000000001,0.44776119402985076,PUSH,6,Fiskeby 1040-4-2,0.44776119402985076
6,31,0.5237499999999999,0.27749999999999997,1.7737500000000002,0.4626865671641791,PUSH,6,Fiskeby 1040-4-2,0.4626865671641791
6,32,0.5237499999999999,0.27749999999999997,1.95375,0.47761194029850745,PUSH,6,Fiskeby 1040-4-2,0.47761194029850745
6,33,0.525,0.2975,2.005,0.4925373134328358,PUSH,6,Fiskeby 1040-4-2,0.4925373134328358
6,34,0.525,0.2975,2.005,0.5074626865671642,PUSH,6,Fiskeby 1040-4-2,0.5074626865671642
6,35,0.53,0.2975,2.0925000000000002,0.5223880597014925,PUSH,6,Fiskeby 1040-4-2,0.5223880597014925
6,36,0.53,0.2975,2.15625,0.5373134328358209,PUSH,6,Fiskeby 1040-4-2,0.5373134328358209
6,37,0.53,0.2975,2.2649999999999997,0.5522388059701493,PUSH,6,Fiskeby 1040-4-2,0.5522388059701493
6,38,0.53,0.2975,2.38,0.5671641791044776,PUSH,6,Fiskeby 1040-4-2,0.5671641791044776
6,39,0.53,0.2975,2.38,0.582089552238806,PUSH,6,Fiskeby 1040-4-2,0.582089552238806
6,40,0.53,0.2975,2.38,0.5970149253731343,PUSH,6,Fiskeby 1040-4-2,0.5970149253731343
6,41,0.53,0.2975,2.4312499999999995,0.6119402985074627,PUSH,6,Fiskeby 1040-4-2,0.6119402985074627
6,42,0.53,0.2975,2.4312499999999995,0.6268656716417911,PUSH,6,Fiskeby 1040-4-2,0.6268656716417911
6,43,0.53625,0.2975,2.5112499999999995,0.6417910447761194,PUSH,6,Fiskeby 1040-4-2,0.6417910447761194
6,44,0.5425,0.3175,2.5112499999999995,0.6567164179104478,PUSH,6,Fiskeby 1040-4-2,0.6567164179104478
6,45,0.5875,0.32625000000000004,2.5762499999999995,0.6716417910447762,PUSH,6,Fiskeby 1040-4-2,0.6716417910447762
6,46,0.6325000000000001,0.32625000000000004,2.5925,0.6865671641791045,PUSH,6,Fiskeby 1040-4-2,0.6865671641791045
6,47,0.65625,0.32625000000000004,2.6512499999999997,0.7014925373134329,PUSH,6,Fiskeby 1040-4-2,0.7014925373134329
6,48,0.66875,0.32625000000000004,2.7424999999999997,0.7164179104477612,PUSH,6,Fiskeby 1040-4-2,0.7164179104477612
6,49,0.66875,0.32625000000000004,2.8337499999999998,0.7313432835820896,PUSH,6,Fiskeby 1040-4-2,0.7313432835820896
6,50,0.66875,0.32625000000000004,2.8337499999999998,0.746268656716418,PUSH,6,Fiskeby 1040-4-2,0.746268656716418
6,51,0.66875,0.32625000000000004,2.94375,0.7611940298507462,PUSH,6,Fiskeby 1040-4-2,0.7611940298507462
6,52,0.66875,0.35500000000000004,3.08125,0.7761194029850746,PUSH,6,Fiskeby 1040-4-2,0.7761194029850746
6,53,0.6950000000000001,0.37500000000000006,3.10625,0.7910447761194029,PUSH,6,Fiskeby 1040-4-2,0.7910447761194029
6,54,0.72,0.38875000000000004,3.2375,0.8059701492537313,PUSH,6,Fiskeby 1040-4-2,0.8059701492537313
6,55,0.72,0.38875000000000004,3.30625,0.8208955223880597,PUSH,6,Fiskeby 1040-4-2,0.8208955223880597
6,56,0.72,0.38875000000000004,3.4162500000000002,0.835820895522388,PUSH,6,Fiskeby 1040-4-2,0.835820895522388
6,57,0.72,0.38875000000000004,3.465,0.8507462686567164,PUSH,6,Fiskeby 1040-4-2,0.8507462686567164
6,58,0.72,0.38875000000000004,3.6,0.8656716417910447,PUSH,6,Fiskeby 1040-4-2,0.8656716417910447
6,59,0.72,0.38875000000000004,3.6387500000000004,0.8805970149253731,PUSH,6,Fiskeby 1040-4-2,0.8805970149253731
6,60,0.7300000000000001,0.38875000000000004,3.73125,0.8955223880597015,PUSH,6,Fiskeby 1040-4-2,0.8955223880597015
6,61,0.7425,0.40625,3.87625,0.9104477611940298,PUSH,6,Fiskeby 1040-4-2,0.9104477611940298
6,62,0.7425,0.41375,4.01625,0.9253731343283582,PUSH,6,Fiskeby 1040-4-2,0.9253731343283582
6,63,0.7762500000000001,0.41375,4.07875,0.9402985074626866,PUSH,6,Fiskeby 1040-4-2,0.9402985074626866
6,64,0.8125000000000002,0.41624999999999995,4.086250000000001,0.9552238805970149,PUSH,6,Fiskeby 1040-4-2,0.9552238805970149
6,65,0.8400000000000002,0.41624999999999995,4.1312500000000005,0.9701492537313433,PUSH,6,Fiskeby 1040-4-2,0.9701492537313433
6,66,0.9312500000000001,0.41624999999999995,4.24,0.9850746268656716,PUSH,6,Fiskeby 1040-4-2,0.9850746268656716
6,67,1.0000000000000002,0.45249999999999996,4.2787500000000005,1.0,PUSH,6,Fiskeby 1040-4-2,1.0
7,0,0.0,0.0,0.0,0.0,PUSH,7,Fiskeby 1040-4-2,0.0
7,1,0.0,0.0,0.07749999999999999,0.014925373134328358,PUSH,7,Fiskeby 1040-4-2,0.014925373134328358
7,2,0.0,0.0,0.08875,0.029850746268656716,PUSH,7,Fiskeby 1040-4-2,0.029850746268656716
7,3,0.0,0.0,0.08875,0.04477611940298507,PUSH,7,Fiskeby 1040-4-2,0.04477611940298507
7,4,0.0,0.03374999999999999,0.17125,0.05970149253731343,PUSH,7,Fiskeby 1040-4-2,0.05970149253731343
7,5,0.0125,0.09249999999999999,0.26875,0.07462686567164178,PUSH,7,Fiskeby 1040-4-2,0.07462686567164178
7,6,0.0125,0.13874999999999998,0.3975,0.08955223880597014,PUSH,7,Fiskeby 1040-4-2,0.08955223880597014
7,7,0.04624999999999999,0.13874999999999998,0.3975,0.1044776119402985,PUSH,7,Fiskeby 1040-4-2,0.1044776119402985
7,8,0.04624999999999999,0.13874999999999998,0.49375,0.11940298507462686,PUSH,7,Fiskeby 1040-4-2,0.11940298507462686
7,9,0.06999999999999999,0.13874999999999998,0.54,0.13432835820895522,PUSH,7,Fiskeby 1040-4-2,0.13432835820895522
7,10,0.09624999999999999,0.13874999999999998,0.6162500000000001,0.14925373134328357,PUSH,7,Fiskeby 1040-4-2,0.14925373134328357
7,11,0.14375,0.13874999999999998,0.6162500000000001,0.16417910447761194,PUSH,7,Fiskeby 1040-4-2,0.16417910447761194
7,12,0.21625,0.1525,0.64875,0.1791044776119403,PUSH,7,Fiskeby 1040-4-2,0.1791044776119403
7,13,0.29375,0.1525,0.64875,0.19402985074626866,PUSH,7,Fiskeby 1040-4-2,0.19402985074626866
7,14,0.38,0.18624999999999997,0.64875,0.208955223880597,PUSH,7,Fiskeby 1040-4-2,0.208955223880597
7,15,0.44375,0.20625,0.64875,0.22388059701492538,PUSH,7,Fiskeby 1040-4-2,0.22388059701492538
7,16,0.46749999999999997,0.20625,0.7675000000000001,0.23880597014925373,PUSH,7,Fiskeby 1040-4-2,0.23880597014925373
7,17,0.46749999999999997,0.20625,0.7675000000000001,0.2537313432835821,PUSH,7,Fiskeby 1040-4-2,0.2537313432835821
7,18,0.46749999999999997,0.20625,0.9125,0.26865671641791045,PUSH,7,Fiskeby 1040-4-2,0.26865671641791045
7,19,0.46749999999999997,0.20625,1.00875,0.2835820895522388,PUSH,7,Fiskeby 1040-4-2,0.2835820895522388
7,20,0.46749999999999997,0.20625,1.15875,0.29850746268656714,PUSH,7,Fiskeby 1040-4-2,0.29850746268656714
7,21,0.46749999999999997,0.20625,1.23,0.31343283582089554,PUSH,7,Fiskeby 1040-4-2,0.31343283582089554
7,22,0.46749999999999997,0.20625,1.23,0.3283582089552239,PUSH,7,Fiskeby 1040-4-2,0.3283582089552239
7,23,0.46749999999999997,0.20625,1.28375,0.34328358208955223,PUSH,7,Fiskeby 1040-4-2,0.34328358208955223
7,24,0.46749999999999997,0.20625,1.32,0.3582089552238806,PUSH,7,Fiskeby 1040-4-2,0.3582089552238806
7,25,0.46749999999999997,0.20625,1.32,0.373134328358209,PUSH,7,Fiskeby 1040-4-2,0.373134328358209
7,26,0.46749999999999997,0.20625,1.32,0.3880597014925373,PUSH,7,Fiskeby 1040-4-2,0.3880597014925373
7,27,0.48125,0.20625,1.32,0.40298507462686567,PUSH,7,Fiskeby 1040-4-2,0.40298507462686567
7,28,0.5037499999999999,0.25625,1.4700000000000002,0.417910447761194,PUSH,7,Fiskeby 1040-4-2,0.417910447761194
7,29,0.5037499999999999,0.27999999999999997,1.5725000000000002,0.43283582089552236,PUSH,7,Fiskeby 1040-4-2,0.43283582089552236
7,30,0.5087499999999999,0.27999999999999997,1.6912500000000001,0.44776119402985076,PUSH,7,Fiskeby 1040-4-2,0.44776119402985076
7,31,0.5287499999999999,0.27999999999999997,1.7737500000000002,0.4626865671641791,PUSH,7,Fiskeby 1040-4-2,0.4626865671641791
7,32,0.5287499999999999,0.27999999999999997,1.95375,0.47761194029850745,PUSH,7,Fiskeby 1040-4-2,0.47761194029850745
7,33,0.53,0.3,2.005,0.4925373134328358,PUSH,7,Fiskeby 1040-4-2,0.4925373134328358
7,34,0.53,0.3,2.005,0.5074626865671642,PUSH,7,Fiskeby 1040-4-2,0.5074626865671642
7,35,0.53625,0.3,2.0925000000000002,0.5223880597014925,PUSH,7,Fiskeby 1040-4-2,0.5223880597014925
7,36,0.53625,0.3,2.15625,0.5373134328358209,PUSH,7,Fiskeby 1040-4-2,0.5373134328358209
7,37,0.53625,0.3,2.2662500000000003,0.5522388059701493,PUSH,7,Fiskeby 1040-4-2,0.5522388059701493
7,38,0.53625,0.3,2.38125,0.5671641791044776,PUSH,7,Fiskeby 1040-4-2,0.5671641791044776
7,39,0.53625,0.3,2.38125,0.582089552238806,PUSH,7,Fiskeby 1040-4-2,0.582089552238806
7,40,0.53625,0.3,2.38125,0.5970149253731343,PUSH,7,Fiskeby 1040-4-2,0.5970149253731343
7,41,0.53625,0.3,2.4325,0.6119402985074627,PUSH,7,Fiskeby 1040-4-2,0.6119402985074627
7,42,0.53625,0.3,2.4325,0.6268656716417911,PUSH,7,Fiskeby 1040-4-2,0.6268656716417911
7,43,0.5425,0.3,2.5125,0.6417910447761194,PUSH,7,Fiskeby 1040-4-2,0.6417910447761194
7,44,0.54875,0.32,2.5125,0.6567164179104478,PUSH,7,Fiskeby 1040-4-2,0.6567164179104478
7,45,0.59375,0.33,2.5774999999999997,0.6716417910447762,PUSH,7,Fiskeby 1040-4-2,0.6716417910447762
7,46,0.63875,0.33,2.59375,0.6865671641791045,PUSH,7,Fiskeby 1040-4-2,0.6865671641791045
7,47,0.6625,0.33,2.6525,0.7014925373134329,PUSH,7,Fiskeby 1040-4-2,0.7014925373134329
7,48,0.67625,0.33,2.74375,0.7164179104477612,PUSH,7,Fiskeby 1040-4-2,0.7164179104477612
7,49,0.67625,0.33,2.835,0.7313432835820896,PUSH,7,Fiskeby 1040-4-2,0.7313432835820896
7,50,0.67625,0.33,2.835,0.746268656716418,PUSH,7,Fiskeby 1040-4-2,0.746268656716418
7,51,0.67625,0.33,2.9450000000000003,0.7611940298507462,PUSH,7,Fiskeby 1040-4-2,0.7611940298507462
7,52,0.67625,0.35875,3.0825000000000005,0.7761194029850746,PUSH,7,Fiskeby 1040-4-2,0.7761194029850746
7,53,0.70375,0.38,3.1075000000000004,0.7910447761194029,PUSH,7,Fiskeby 1040-4-2,0.7910447761194029
7,54,0.72875,0.39375000000000004,3.2387500000000005,0.8059701492537313,PUSH,7,Fiskeby 1040-4-2,0.8059701492537313
7,55,0.72875,0.39375000000000004,3.3075,0.8208955223880597,PUSH,7,Fiskeby 1040-4-2,0.8208955223880597
7,56,0.72875,0.39375000000000004,3.4175000000000004,0.835820895522388,PUSH,7,Fiskeby 1040-4-2,0.835820895522388
7,57,0.72875,0.39375000000000004,3.46625,0.8507462686567164,PUSH,7,Fiskeby 1040-4-2,0.8507462686567164
7,58,0.72875,0.39375000000000004,3.6012500000000003,0.8656716417910447,PUSH,7,Fiskeby 1040-4-2,0.8656716417910447
7,59,0.72875,0.39375000000000004,3.6400000000000006,0.8805970149253731,PUSH,7,Fiskeby 1040-4-2,0.8805970149253731
7,60,0.7387499999999999,0.39375000000000004,3.7325000000000004,0.8955223880597015,PUSH,7,Fiskeby 1040-4-2,0.8955223880597015
7,61,0.75125,0.41125000000000006,3.8775000000000004,0.9104477611940298,PUSH,7,Fiskeby 1040-4-2,0.9104477611940298
7,62,0.75125,0.41875000000000007,4.0175,0.9253731343283582,PUSH,7,Fiskeby 1040-4-2,0.9253731343283582
7,63,0.7862499999999999,0.41875000000000007,4.08,0.9402985074626866,PUSH,7,Fiskeby 1040-4-2,0.9402985074626866
7,64,0.8225,0.42125,4.0875,0.9552238805970149,PUSH,7,Fiskeby 1040-4-2,0.9552238805970149
7,65,0.85,0.42125,4.132500000000001,0.9701492537313433,PUSH,7,Fiskeby 1040-4-2,0.9701492537313433
7,66,0.9412499999999999,0.42125,4.241250000000001,0.9850746268656716,PUSH,7,Fiskeby 1040-4-2,0.9850746268656716
7,67,1.01,0.4575,4.280000000000001,1.0,PUSH,7,Fiskeby 1040-4-2,1.0
8,0,0.0,0.0,0.0,0.0,PUSH,8,Fiskeby 1040-4-2,0.0
8,1,0.0,0.0,0.07749999999999999,0.014925373134328358,PUSH,8,Fiskeby 1040-4-2,0.014925373134328358
8,2,0.0,0.0,0.08875,0.029850746268656716,PUSH,8,Fiskeby 1040-4-2,0.029850746268656716
8,3,0.0,0.0,0.08875,0.04477611940298507,PUSH,8,Fiskeby 1040-4-2,0.04477611940298507
8,4,0.0,0.03374999999999999,0.17125,0.05970149253731343,PUSH,8,Fiskeby 1040-4-2,0.05970149253731343
8,5,0.0125,0.09249999999999999,0.26875,0.07462686567164178,PUSH,8,Fiskeby 1040-4-2,0.07462686567164178
8,6,0.0125,0.13874999999999998,0.3975,0.08955223880597014,PUSH,8,Fiskeby 1040-4-2,0.08955223880597014
8,7,0.04624999999999999,0.13874999999999998,0.3975,0.1044776119402985,PUSH,8,Fiskeby 1040-4-2,0.1044776119402985
8,8,0.04624999999999999,0.13874999999999998,0.49375,0.11940298507462686,PUSH,8,Fiskeby 1040-4-2,0.11940298507462686
8,9,0.06999999999999999,0.13874999999999998,0.54,0.13432835820895522,PUSH,8,Fiskeby 1040-4-2,0.13432835820895522
8,10,0.09749999999999999,0.13874999999999998,0.6162500000000001,0.14925373134328357,PUSH,8,Fiskeby 1040-4-2,0.14925373134328357
8,11,0.14625,0.13874999999999998,0.6162500000000001,0.16417910447761194,PUSH,8,Fiskeby 1040-4-2,0.16417910447761194
8,12,0.21875,0.1525,0.64875,0.1791044776119403,PUSH,8,Fiskeby 1040-4-2,0.1791044776119403
8,13,0.29625,0.1525,0.64875,0.19402985074626866,PUSH,8,Fiskeby 1040-4-2,0.19402985074626866
8,14,0.38249999999999995,0.1875,0.64875,0.208955223880597,PUSH,8,Fiskeby 1040-4-2,0.208955223880597
8,15,0.44625000000000004,0.20750000000000002,0.64875,0.22388059701492538,PUSH,8,Fiskeby 1040-4-2,0.22388059701492538
8,16,0.47000000000000003,0.20750000000000002,0.7675000000000001,0.23880597014925373,PUSH,8,Fiskeby 1040-4-2,0.23880597014925373
8,17,0.47000000000000003,0.20750000000000002,0.7675000000000001,0.2537313432835821,PUSH,8,Fiskeby 1040-4-2,0.2537313432835821
8,18,0.47000000000000003,0.20750000000000002,0.9125,0.26865671641791045,PUSH,8,Fiskeby 1040-4-2,0.26865671641791045
8,19,0.47000000000000003,0.20750000000000002,1.00875,0.2835820895522388,PUSH,8,Fiskeby 1040-4-2,0.2835820895522388
8,20,0.47000000000000003,0.20750000000000002,1.15875,0.29850746268656714,PUSH,8,Fiskeby 1040-4-2,0.29850746268656714
8,21,0.47000000000000003,0.20750000000000002,1.2287500000000002,0.31343283582089554,PUSH,8,Fiskeby 1040-4-2,0.31343283582089554
8,22,0.47000000000000003,0.20750000000000002,1.2287500000000002,0.3283582089552239,PUSH,8,Fiskeby 1040-4-2,0.3283582089552239
8,23,0.47000000000000003,0.20750000000000002,1.2825000000000002,0.34328358208955223,PUSH,8,Fiskeby 1040-4-2,0.34328358208955223
8,24,0.47000000000000003,0.20750000000000002,1.31875,0.3582089552238806,PUSH,8,Fiskeby 1040-4-2,0.3582089552238806
8,25,0.47000000000000003,0.20750000000000002,1.31875,0.373134328358209,PUSH,8,Fiskeby 1040-4-2,0.373134328358209
8,26,0.47000000000000003,0.20750000000000002,1.31875,0.3880597014925373,PUSH,8,Fiskeby 1040-4-2,0.3880597014925373
8,27,0.48375,0.20750000000000002,1.31875,0.40298507462686567,PUSH,8,Fiskeby 1040-4-2,0.40298507462686567
8,28,0.5075000000000001,0.2575,1.4687500000000002,0.417910447761194,PUSH,8,Fiskeby 1040-4-2,0.417910447761194
8,29,0.5075000000000001,0.28125,1.5725000000000002,0.43283582089552236,PUSH,8,Fiskeby 1040-4-2,0.43283582089552236
8,30,0.5125,0.28125,1.6912500000000001,0.44776119402985076,PUSH,8,Fiskeby 1040-4-2,0.44776119402985076
8,31,0.5337500000000001,0.28125,1.775,0.4626865671641791,PUSH,8,Fiskeby 1040-4-2,0.4626865671641791
8,32,0.5337500000000001,0.28125,1.955,0.47761194029850745,PUSH,8,Fiskeby 1040-4-2,0.47761194029850745
8,33,0.535,0.3025,2.00625,0.4925373134328358,PUSH,8,Fiskeby 1040-4-2,0.4925373134328358
8,34,0.535,0.3025,2.00625,0.5074626865671642,PUSH,8,Fiskeby 1040-4-2,0.5074626865671642
8,35,0.54125,0.3025,2.09375,0.5223880597014925,PUSH,8,Fiskeby 1040-4-2,0.5223880597014925
8,36,0.54125,0.3025,2.1574999999999998,0.5373134328358209,PUSH,8,Fiskeby 1040-4-2,0.5373134328358209
8,37,0.54125,0.3025,2.2675,0.5522388059701493,PUSH,8,Fiskeby 1040-4-2,0.5522388059701493
8,38,0.54125,0.3025,2.38375,0.5671641791044776,PUSH,8,Fiskeby 1040-4-2,0.5671641791044776
8,39,0.54125,0.3025,2.38375,0.582089552238806,PUSH,8,Fiskeby 1040-4-2,0.582089552238806
8,40,0.54125,0.3025,2.38375,0.5970149253731343,PUSH,8,Fiskeby 1040-4-2,0.5970149253731343
8,41,0.54125,0.3025,2.4362500000000002,0.6119402985074627,PUSH,8,Fiskeby 1040-4-2,0.6119402985074627
8,42,0.54125,0.3025,2.4362500000000002,0.6268656716417911,PUSH,8,Fiskeby 1040-4-2,0.6268656716417911
8,43,0.5475000000000001,0.3025,2.5162500000000003,0.6417910447761194,PUSH,8,Fiskeby 1040-4-2,0.6417910447761194
8,44,0.555,0.32375,2.5162500000000003,0.6567164179104478,PUSH,8,Fiskeby 1040-4-2,0.6567164179104478
8,45,0.6012500000000001,0.33375,2.58125,0.6716417910447762,PUSH,8,Fiskeby 1040-4-2,0.6716417910447762
8,46,0.6475000000000002,0.33375,2.5975,0.6865671641791045,PUSH,8,Fiskeby 1040-4-2,0.6865671641791045
8,47,0.6712500000000001,0.33375,2.65625,0.7014925373134329,PUSH,8,Fiskeby 1040-4-2,0.7014925373134329
8,48,0.6850000000000002,0.33375,2.7475,0.7164179104477612,PUSH,8,Fiskeby 1040-4-2,0.7164179104477612
8,49,0.6850000000000002,0.33375,2.83875,0.7313432835820896,PUSH,8,Fiskeby 1040-4-2,0.7313432835820896
8,50,0.6850000000000002,0.33375,2.83875,0.746268656716418,PUSH,8,Fiskeby 1040-4-2,0.746268656716418
8,51,0.6850000000000002,0.33375,2.95,0.7611940298507462,PUSH,8,Fiskeby 1040-4-2,0.7611940298507462
8,52,0.6850000000000002,0.36374999999999996,3.08875,0.7761194029850746,PUSH,8,Fiskeby 1040-4-2,0.7761194029850746
8,53,0.7125000000000001,0.38499999999999995,3.1137500000000005,0.7910447761194029,PUSH,8,Fiskeby 1040-4-2,0.7910447761194029
8,54,0.7375000000000002,0.39999999999999997,3.2462500000000007,0.8059701492537313,PUSH,8,Fiskeby 1040-4-2,0.8059701492537313
8,55,0.7375000000000002,0.39999999999999997,3.3150000000000004,0.8208955223880597,PUSH,8,Fiskeby 1040-4-2,0.8208955223880597
8,56,0.7375000000000002,0.39999999999999997,3.4250000000000007,0.835820895522388,PUSH,8,Fiskeby 1040-4-2,0.835820895522388
8,57,0.7375000000000002,0.39999999999999997,3.4737500000000003,0.8507462686567164,PUSH,8,Fiskeby 1040-4-2,0.8507462686567164
8,58,0.7375000000000002,0.39999999999999997,3.6087500000000006,0.8656716417910447,PUSH,8,Fiskeby 1040-4-2,0.8656716417910447
8,59,0.7375000000000002,0.39999999999999997,3.647500000000001,0.8805970149253731,PUSH,8,Fiskeby 1040-4-2,0.8805970149253731
8,60,0.7487500000000001,0.39999999999999997,3.7400000000000007,0.8955223880597015,PUSH,8,Fiskeby 1040-4-2,0.8955223880597015
8,61,0.7612500000000002,0.41749999999999987,3.8850000000000007,0.9104477611940298,PUSH,8,Fiskeby 1040-4-2,0.9104477611940298
8,62,0.7612500000000002,0.42499999999999993,4.025,0.9253731343283582,PUSH,8,Fiskeby 1040-4-2,0.9253731343283582
8,63,0.7962500000000002,0.42499999999999993,4.0875,0.9402985074626866,PUSH,8,Fiskeby 1040-4-2,0.9402985074626866
8,64,0.8337500000000002,0.4274999999999999,4.095000000000001,0.9552238805970149,PUSH,8,Fiskeby 1040-4-2,0.9552238805970149
8,65,0.8625000000000002,0.4274999999999999,4.1400000000000015,0.9701492537313433,PUSH,8,Fiskeby 1040-4-2,0.9701492537313433
8,66,0.9550000000000001,0.4274999999999999,4.248750000000001,0.9850746268656716,PUSH,8,Fiskeby 1040-4-2,0.9850746268656716
8,67,1.0237500000000002,0.46499999999999986,4.287500000000001,1.0,PUSH,8,Fiskeby 1040-4-2,1.0
9,0,0.0,0.0,0.07749999999999999,0.0,PUSH,9,Fiskeby 1040-4-2,0.0
9,1,0.0,0.0,0.08875,0.014925373134328358,PUSH,9,Fiskeby 1040-4-2,0.014925373134328358
9,2,0.0,0.0,0.08875,0.029850746268656716,PUSH,9,Fiskeby 1040-4-2,0.029850746268656716
9,3,0.0,0.03374999999999999,0.17125,0.04477611940298507,PUSH,9,Fiskeby 1040-4-2,0.04477611940298507
9,4,0.0125,0.09375,0.26875,0.05970149253731343,PUSH,9,Fiskeby 1040-4-2,0.05970149253731343
9,5,0.0125,0.13999999999999999,0.3975,0.07462686567164178,PUSH,9,Fiskeby 1040-4-2,0.07462686567164178
9,6,0.04624999999999999,0.13999999999999999,0.3975,0.08955223880597014,PUSH,9,Fiskeby 1040-4-2,0.08955223880597014
9,7,0.04624999999999999,0.13999999999999999,0.49375,0.1044776119402985,PUSH,9,Fiskeby 1040-4-2,0.1044776119402985
9,8,0.07125,0.13999999999999999,0.54,0.11940298507462686,PUSH,9,Fiskeby 1040-4-2,0.11940298507462686
9,9,0.09874999999999998,0.13999999999999999,0.6162500000000001,0.13432835820895522,PUSH,9,Fiskeby 1040-4-2,0.13432835820895522
9,10,0.1475,0.13999999999999999,0.6162500000000001,0.14925373134328357,PUSH,9,Fiskeby 1040-4-2,0.14925373134328357
9,11,0.22000000000000003,0.15375,0.64875,0.16417910447761194,PUSH,9,Fiskeby 1040-4-2,0.16417910447761194
9,12,0.2975,0.15375,0.64875,0.1791044776119403,PUSH,9,Fiskeby 1040-4-2,0.1791044776119403
9,13,0.385,0.18875000000000003,0.64875,0.19402985074626866,PUSH,9,Fiskeby 1040-4-2,0.19402985074626866
9,14,0.4487500000000001,0.20875000000000005,0.64875,0.208955223880597,PUSH,9,Fiskeby 1040-4-2,0.208955223880597
9,15,0.47250000000000003,0.20875000000000005,0.7675000000000001,0.22388059701492538,PUSH,9,Fiskeby 1040-4-2,0.22388059701492538
9,16,0.47250000000000003,0.20875000000000005,0.7675000000000001,0.23880597014925373,PUSH,9,Fiskeby 1040-4-2,0.23880597014925373
9,17,0.47250000000000003,0.20875000000000005,0.9125,0.2537313432835821,PUSH,9,Fiskeby 1040-4-2,0.2537313432835821
9,18,0.47250000000000003,0.20875000000000005,1.00875,0.26865671641791045,PUSH,9,Fiskeby 1040-4-2,0.26865671641791045
9,19,0.47250000000000003,0.20875000000000005,1.15875,0.2835820895522388,PUSH,9,Fiskeby 1040-4-2,0.2835820895522388
9,20,0.47250000000000003,0.20875000000000005,1.2287500000000002,0.29850746268656714,PUSH,9,Fiskeby 1040-4-2,0.29850746268656714
9,21,0.47250000000000003,0.20875000000000005,1.2287500000000002,0.31343283582089554,PUSH,9,Fiskeby 1040-4-2,0.31343283582089554
9,22,0.47250000000000003,0.20875000000000005,1.2825000000000002,0.3283582089552239,PUSH,9,Fiskeby 1040-4-2,0.3283582089552239
9,23,0.47250000000000003,0.20875000000000005,1.31875,0.34328358208955223,PUSH,9,Fiskeby 1040-4-2,0.34328358208955223
9,24,0.47250000000000003,0.20875000000000005,1.31875,0.3582089552238806,PUSH,9,Fiskeby 1040-4-2,0.3582089552238806
9,25,0.47250000000000003,0.20875000000000005,1.31875,0.373134328358209,PUSH,9,Fiskeby 1040-4-2,0.373134328358209
9,26,0.48625000000000007,0.20875000000000005,1.31875,0.3880597014925373,PUSH,9,Fiskeby 1040-4-2,0.3880597014925373
9,27,0.51,0.25875000000000004,1.4687500000000002,0.40298507462686567,PUSH,9,Fiskeby 1040-4-2,0.40298507462686567
9,28,0.51,0.28250000000000003,1.5725000000000002,0.417910447761194,PUSH,9,Fiskeby 1040-4-2,0.417910447761194
9,29,0.515,0.28250000000000003,1.6912500000000001,0.43283582089552236,PUSH,9,Fiskeby 1040-4-2,0.43283582089552236
9,30,0.5362500000000001,0.28250000000000003,1.775,0.44776119402985076,PUSH,9,Fiskeby 1040-4-2,0.44776119402985076
9,31,0.5362500000000001,0.28250000000000003,1.955,0.4626865671641791,PUSH,9,Fiskeby 1040-4-2,0.4626865671641791
9,32,0.5387500000000001,0.30375,2.00625,0.47761194029850745,PUSH,9,Fiskeby 1040-4-2,0.47761194029850745
9,33,0.5387500000000001,0.30375,2.00625,0.4925373134328358,PUSH,9,Fiskeby 1040-4-2,0.4925373134328358
9,34,0.5450000000000002,0.30375,2.09375,0.5074626865671642,PUSH,9,Fiskeby 1040-4-2,0.5074626865671642
9,35,0.5450000000000002,0.30375,2.1574999999999998,0.5223880597014925,PUSH,9,Fiskeby 1040-4-2,0.5223880597014925
9,36,0.5450000000000002,0.30375,2.2675,0.5373134328358209,PUSH,9,Fiskeby 1040-4-2,0.5373134328358209
9,37,0.5450000000000002,0.30375,2.38375,0.5522388059701493,PUSH,9,Fiskeby 1040-4-2,0.5522388059701493
9,38,0.5450000000000002,0.30375,2.38375,0.5671641791044776,PUSH,9,Fiskeby 1040-4-2,0.5671641791044776
9,39,0.5450000000000002,0.30375,2.38375,0.582089552238806,PUSH,9,Fiskeby 1040-4-2,0.582089552238806
9,40,0.5450000000000002,0.30375,2.4362500000000002,0.5970149253731343,PUSH,9,Fiskeby 1040-4-2,0.5970149253731343
9,41,0.5450000000000002,0.30375,2.4362500000000002,0.6119402985074627,PUSH,9,Fiskeby 1040-4-2,0.6119402985074627
9,42,0.5525000000000001,0.30375,2.5175,0.6268656716417911,PUSH,9,Fiskeby 1040-4-2,0.6268656716417911
9,43,0.5600000000000002,0.325,2.5175,0.6417910447761194,PUSH,9,Fiskeby 1040-4-2,0.6417910447761194
9,44,0.6062500000000002,0.335,2.5825,0.6567164179104478,PUSH,9,Fiskeby 1040-4-2,0.6567164179104478
9,45,0.6525000000000002,0.335,2.59875,0.6716417910447762,PUSH,9,Fiskeby 1040-4-2,0.6716417910447762
9,46,0.6775000000000002,0.335,2.6574999999999998,0.6865671641791045,PUSH,9,Fiskeby 1040-4-2,0.6865671641791045
9,47,0.6912500000000003,0.335,2.7487500000000002,0.7014925373134329,PUSH,9,Fiskeby 1040-4-2,0.7014925373134329
9,48,0.6912500000000003,0.335,2.8400000000000003,0.7164179104477612,PUSH,9,Fiskeby 1040-4-2,0.7164179104477612
9,49,0.6912500000000003,0.335,2.8400000000000003,0.7313432835820896,PUSH,9,Fiskeby 1040-4-2,0.7313432835820896
9,50,0.6912500000000003,0.335,2.9512500000000004,0.746268656716418,PUSH,9,Fiskeby 1040-4-2,0.746268656716418
9,51,0.6912500000000003,0.365,3.0900000000000003,0.7611940298507462,PUSH,9,Fiskeby 1040-4-2,0.7611940298507462
9,52,0.7187500000000002,0.38625,3.115,0.7761194029850746,PUSH,9,Fiskeby 1040-4-2,0.7761194029850746
9,53,0.7450000000000002,0.40124999999999994,3.2475,0.7910447761194029,PUSH,9,Fiskeby 1040-4-2,0.7910447761194029
9,54,0.7450000000000002,0.40124999999999994,3.31625,0.8059701492537313,PUSH,9,Fiskeby 1040-4-2,0.8059701492537313
9,55,0.7450000000000002,0.40124999999999994,3.4274999999999998,0.8208955223880597,PUSH,9,Fiskeby 1040-4-2,0.8208955223880597
9,56,0.7450000000000002,0.40124999999999994,3.4762499999999994,0.835820895522388,PUSH,9,Fiskeby 1040-4-2,0.835820895522388
9,57,0.7450000000000002,0.40124999999999994,3.6112499999999996,0.8507462686567164,PUSH,9,Fiskeby 1040-4-2,0.8507462686567164
9,58,0.7450000000000002,0.40124999999999994,3.65,0.8656716417910447,PUSH,9,Fiskeby 1040-4-2,0.8656716417910447
9,59,0.7562500000000002,0.40124999999999994,3.74375,0.8805970149253731,PUSH,9,Fiskeby 1040-4-2,0.8805970149253731
9,60,0.7700000000000002,0.41999999999999993,3.8887500000000004,0.8955223880597015,PUSH,9,Fiskeby 1040-4-2,0.8955223880597015
9,61,0.7700000000000002,0.42874999999999996,4.0287500000000005,0.9104477611940298,PUSH,9,Fiskeby 1040-4-2,0.9104477611940298
9,62,0.8050000000000003,0.42874999999999996,4.0912500000000005,0.9253731343283582,PUSH,9,Fiskeby 1040-4-2,0.9253731343283582
9,63,0.8425000000000002,0.43125,4.098750000000001,0.9402985074626866,PUSH,9,Fiskeby 1040-4-2,0.9402985074626866
9,64,0.8712500000000002,0.43125,4.143750000000001,0.9552238805970149,PUSH,9,Fiskeby 1040-4-2,0.9552238805970149
9,65,0.9637500000000003,0.43125,4.2525,0.9701492537313433,PUSH,9,Fiskeby 1040-4-2,0.9701492537313433
9,66,1.0337500000000002,0.46875,4.291250000000001,0.9850746268656716,PUSH,9,Fiskeby 1040-4-2,0.9850746268656716
9,67,1.0587500000000003,0.5,4.388750000000001,1.0,PUSH,9,Fiskeby 1040-4-2,1.0
10,0,0.0,0.0,0.0,0.0,PUSH,10,Fiskeby 1040-4-2,0.0
10,1,0.0,0.0,0.07749999999999999,0.014925373134328358,PUSH,10,Fiskeby 1040-4-2,0.014925373134328358
10,2,0.0,0.0,0.08875,0.029850746268656716,PUSH,10,Fiskeby 1040-4-2,0.029850746268656716
10,3,0.0,0.0,0.08875,0.04477611940298507,PUSH,10,Fiskeby 1040-4-2,0.04477611940298507
10,4,0.0,0.03374999999999999,0.17125,0.05970149253731343,PUSH,10,Fiskeby 1040-4-2,0.05970149253731343
10,5,0.013749999999999995,0.09375,0.26875,0.07462686567164178,PUSH,10,Fiskeby 1040-4-2,0.07462686567164178
10,6,0.013749999999999995,0.13999999999999999,0.3975,0.08955223880597014,PUSH,10,Fiskeby 1040-4-2,0.08955223880597014
10,7,0.04749999999999999,0.13999999999999999,0.3975,0.1044776119402985,PUSH,10,Fiskeby 1040-4-2,0.1044776119402985
10,8,0.04749999999999999,0.13999999999999999,0.49375,0.11940298507462686,PUSH,10,Fiskeby 1040-4-2,0.11940298507462686
10,9,0.07249999999999998,0.13999999999999999,0.54,0.13432835820895522,PUSH,10,Fiskeby 1040-4-2,0.13432835820895522
10,10,0.09999999999999998,0.13999999999999999,0.6162500000000001,0.14925373134328357,PUSH,10,Fiskeby 1040-4-2,0.14925373134328357
10,11,0.14875,0.13999999999999999,0.6162500000000001,0.16417910447761194,PUSH,10,Fiskeby 1040-4-2,0.16417910447761194
10,12,0.22125,0.15375,0.64875,0.1791044776119403,PUSH,10,Fiskeby 1040-4-2,0.1791044776119403
10,13,0.29874999999999996,0.15375,0.64875,0.19402985074626866,PUSH,10,Fiskeby 1040-4-2,0.19402985074626866
10,14,0.38625,0.18875000000000003,0.64875,0.208955223880597,PUSH,10,Fiskeby 1040-4-2,0.208955223880597
10,15,0.45,0.20875000000000005,0.64875,0.22388059701492538,PUSH,10,Fiskeby 1040-4-2,0.22388059701492538
10,16,0.47375,0.20875000000000005,0.7675000000000001,0.23880597014925373,PUSH,10,Fiskeby 1040-4-2,0.23880597014925373
10,17,0.47375,0.20875000000000005,0.7675000000000001,0.2537313432835821,PUSH,10,Fiskeby 1040-4-2,0.2537313432835821
10,18,0.47375,0.20875000000000005,0.9125,0.26865671641791045,PUSH,10,Fiskeby 1040-4-2,0.26865671641791045
10,19,0.47375,0.20875000000000005,1.0074999999999998,0.2835820895522388,PUSH,10,Fiskeby 1040-4-2,0.2835820895522388
10,20,0.47375,0.20875000000000005,1.1575,0.29850746268656714,PUSH,10,Fiskeby 1040-4-2,0.29850746268656714
10,21,0.47375,0.20875000000000005,1.2274999999999998,0.31343283582089554,PUSH,10,Fiskeby 1040-4-2,0.31343283582089554
10,22,0.47375,0.20875000000000005,1.2274999999999998,0.3283582089552239,PUSH,10,Fiskeby 1040-4-2,0.3283582089552239
10,23,0.47375,0.20875000000000005,1.2799999999999998,0.34328358208955223,PUSH,10,Fiskeby 1040-4-2,0.34328358208955223
10,24,0.47375,0.20875000000000005,1.31625,0.3582089552238806,PUSH,10,Fiskeby 1040-4-2,0.3582089552238806
10,25,0.47375,0.20875000000000005,1.31625,0.373134328358209,PUSH,10,Fiskeby 1040-4-2,0.373134328358209
10,26,0.47375,0.20875000000000005,1.31625,0.3880597014925373,PUSH,10,Fiskeby 1040-4-2,0.3880597014925373
10,27,0.4875,0.20875000000000005,1.31625,0.40298507462686567,PUSH,10,Fiskeby 1040-4-2,0.40298507462686567
10,28,0.51125,0.25875000000000004,1.46625,0.417910447761194,PUSH,10,Fiskeby 1040-4-2,0.417910447761194
10,29,0.51125,0.28375000000000006,1.5699999999999998,0.43283582089552236,PUSH,10,Fiskeby 1040-4-2,0.43283582089552236
10,30,0.51625,0.28375000000000006,1.68875,0.44776119402985076,PUSH,10,Fiskeby 1040-4-2,0.44776119402985076
10,31,0.5375,0.28375000000000006,1.7724999999999997,0.4626865671641791,PUSH,10,Fiskeby 1040-4-2,0.4626865671641791
10,32,0.5375,0.28375000000000006,1.9525,0.47761194029850745,PUSH,10,Fiskeby 1040-4-2,0.47761194029850745
10,33,0.54,0.30500000000000005,2.0037499999999997,0.4925373134328358,PUSH,10,Fiskeby 1040-4-2,0.4925373134328358
10,34,0.54,0.30500000000000005,2.0037499999999997,0.5074626865671642,PUSH,10,Fiskeby 1040-4-2,0.5074626865671642
10,35,0.54625,0.30500000000000005,2.0925,0.5223880597014925,PUSH,10,Fiskeby 1040-4-2,0.5223880597014925
10,36,0.54625,0.30500000000000005,2.1562499999999996,0.5373134328358209,PUSH,10,Fiskeby 1040-4-2,0.5373134328358209
10,37,0.54625,0.30500000000000005,2.26625,0.5522388059701493,PUSH,10,Fiskeby 1040-4-2,0.5522388059701493
10,38,0.54625,0.30500000000000005,2.3825,0.5671641791044776,PUSH,10,Fiskeby 1040-4-2,0.5671641791044776
10,39,0.54625,0.30500000000000005,2.3825,0.582089552238806,PUSH,10,Fiskeby 1040-4-2,0.582089552238806
10,40,0.54625,0.30500000000000005,2.3825,0.5970149253731343,PUSH,10,Fiskeby 1040-4-2,0.5970149253731343
10,41,0.54625,0.30500000000000005,2.4349999999999996,0.6119402985074627,PUSH,10,Fiskeby 1040-4-2,0.6119402985074627
10,42,0.54625,0.30500000000000005,2.4349999999999996,0.6268656716417911,PUSH,10,Fiskeby 1040-4-2,0.6268656716417911
10,43,0.5537500000000001,0.30500000000000005,2.51625,0.6417910447761194,PUSH,10,Fiskeby 1040-4-2,0.6417910447761194
10,44,0.56125,0.3275,2.51625,0.6567164179104478,PUSH,10,Fiskeby 1040-4-2,0.6567164179104478
10,45,0.6075000000000002,0.33875,2.5825,0.6716417910447762,PUSH,10,Fiskeby 1040-4-2,0.6716417910447762
10,46,0.6537500000000002,0.33875,2.6,0.6865671641791045,PUSH,10,Fiskeby 1040-4-2,0.6865671641791045
10,47,0.6787500000000002,0.33875,2.65875,0.7014925373134329,PUSH,10,Fiskeby 1040-4-2,0.7014925373134329
10,48,0.6937500000000002,0.33875,2.7512499999999998,0.7164179104477612,PUSH,10,Fiskeby 1040-4-2,0.7164179104477612
10,49,0.6937500000000002,0.33875,2.8425000000000002,0.7313432835820896,PUSH,10,Fiskeby 1040-4-2,0.7313432835820896
10,50,0.6937500000000002,0.33875,2.8425000000000002,0.746268656716418,PUSH,10,Fiskeby 1040-4-2,0.746268656716418
10,51,0.6937500000000002,0.33875,2.9537500000000003,0.7611940298507462,PUSH,10,Fiskeby 1040-4-2,0.7611940298507462
10,52,0.6937500000000002,0.36875,3.0925000000000002,0.7761194029850746,PUSH,10,Fiskeby 1040-4-2,0.7761194029850746
10,53,0.7225000000000001,0.39125,3.1175,0.7910447761194029,PUSH,10,Fiskeby 1040-4-2,0.7910447761194029
10,54,0.7487500000000001,0.40750000000000003,3.25,0.8059701492537313,PUSH,10,Fiskeby 1040-4-2,0.8059701492537313
10,55,0.7487500000000001,0.40750000000000003,3.31875,0.8208955223880597,PUSH,10,Fiskeby 1040-4-2,0.8208955223880597
10,56,0.7487500000000001,0.40750000000000003,3.4299999999999997,0.835820895522388,PUSH,10,Fiskeby 1040-4-2,0.835820895522388
10,57,0.7487500000000001,0.40750000000000003,3.4799999999999995,0.8507462686567164,PUSH,10,Fiskeby 1040-4-2,0.8507462686567164
10,58,0.7487500000000001,0.40750000000000003,3.6149999999999998,0.8656716417910447,PUSH,10,Fiskeby 1040-4-2,0.8656716417910447
10,59,0.7487500000000001,0.40750000000000003,3.65375,0.8805970149253731,PUSH,10,Fiskeby 1040-4-2,0.8805970149253731
10,60,0.7600000000000001,0.40750000000000003,3.7475,0.8955223880597015,PUSH,10,Fiskeby 1040-4-2,0.8955223880597015
10,61,0.7737500000000002,0.42625,3.8925000000000005,0.9104477611940298,PUSH,10,Fiskeby 1040-4-2,0.9104477611940298
10,62,0.7737500000000002,0.43499999999999994,4.032500000000001,0.9253731343283582,PUSH,10,Fiskeby 1040-4-2,0.9253731343283582
10,63,0.8100000000000002,0.43499999999999994,4.095000000000001,0.9402985074626866,PUSH,10,Fiskeby 1040-4-2,0.9402985074626866
10,64,0.8475000000000001,0.4387499999999999,4.102500000000001,0.9552238805970149,PUSH,10,Fiskeby 1040-4-2,0.9552238805970149
10,65,0.8762500000000001,0.4387499999999999,4.147500000000001,0.9701492537313433,PUSH,10,Fiskeby 1040-4-2,0.9701492537313433
10,66,0.96875,0.4387499999999999,4.2562500000000005,0.9850746268656716,PUSH,10,Fiskeby 1040-4-2,0.9850746268656716
10,67,1.0387499999999998,0.47624999999999995,4.295000000000001,1.0,PUSH,10,Fiskeby 1040-4-2,1.0
11,0,0.0,0.0,0.0,0.0,PUSH,11,Fiskeby 1040-4-2,0.0
11,1,0.0,0.0,0.07625000000000001,0.014925373134328358,PUSH,11,Fiskeby 1040-4-2,0.014925373134328358
11,2,0.0,0.0,0.08750000000000002,0.029850746268656716,PUSH,11,Fiskeby 1040-4-2,0.029850746268656716
11,3,0.0,0.0,0.08750000000000002,0.04477611940298507,PUSH,11,Fiskeby 1040-4-2,0.04477611940298507
11,4,0.0,0.03374999999999999,0.17000000000000004,0.05970149253731343,PUSH,11,Fiskeby 1040-4-2,0.05970149253731343
11,5,0.013749999999999995,0.09375,0.26750000000000007,0.07462686567164178,PUSH,11,Fiskeby 1040-4-2,0.07462686567164178
11,6,0.013749999999999995,0.14125000000000001,0.3962500000000001,0.08955223880597014,PUSH,11,Fiskeby 1040-4-2,0.08955223880597014
11,7,0.04749999999999999,0.14125000000000001,0.3962500000000001,0.1044776119402985,PUSH,11,Fiskeby 1040-4-2,0.1044776119402985
11,8,0.04749999999999999,0.14125000000000001,0.49125000000000013,0.11940298507462686,PUSH,11,Fiskeby 1040-4-2,0.11940298507462686
11,9,0.07249999999999998,0.14125000000000001,0.5375000000000002,0.13432835820895522,PUSH,11,Fiskeby 1040-4-2,0.13432835820895522
11,10,0.09999999999999998,0.14125000000000001,0.6137500000000002,0.14925373134328357,PUSH,11,Fiskeby 1040-4-2,0.14925373134328357
11,11,0.14875,0.14125000000000001,0.6137500000000002,0.16417910447761194,PUSH,11,Fiskeby 1040-4-2,0.16417910447761194
11,12,0.22249999999999998,0.15500000000000003,0.6462500000000002,0.1791044776119403,PUSH,11,Fiskeby 1040-4-2,0.1791044776119403
11,13,0.29999999999999993,0.15500000000000003,0.6462500000000002,0.19402985074626866,PUSH,11,Fiskeby 1040-4-2,0.19402985074626866
11,14,0.38749999999999996,0.19000000000000003,0.6462500000000002,0.208955223880597,PUSH,11,Fiskeby 1040-4-2,0.208955223880597
11,15,0.45124999999999993,0.21000000000000005,0.6462500000000002,0.22388059701492538,PUSH,11,Fiskeby 1040-4-2,0.22388059701492538
11,16,0.4749999999999999,0.21000000000000005,0.7650000000000002,0.23880597014925373,PUSH,11,Fiskeby 1040-4-2,0.23880597014925373
11,17,0.4749999999999999,0.21000000000000005,0.7650000000000002,0.2537313432835821,PUSH,11,Fiskeby 1040-4-2,0.2537313432835821
11,18,0.4749999999999999,0.21000000000000005,0.9087500000000002,0.26865671641791045,PUSH,11,Fiskeby 1040-4-2,0.26865671641791045
11,19,0.4749999999999999,0.21000000000000005,1.0037500000000001,0.2835820895522388,PUSH,11,Fiskeby 1040-4-2,0.2835820895522388
11,20,0.4749999999999999,0.21000000000000005,1.15375,0.29850746268656714,PUSH,11,Fiskeby 1040-4-2,0.29850746268656714
11,21,0.4749999999999999,0.21000000000000005,1.2237500000000001,0.31343283582089554,PUSH,11,Fiskeby 1040-4-2,0.31343283582089554
11,22,0.4749999999999999,0.21000000000000005,1.2237500000000001,0.3283582089552239,PUSH,11,Fiskeby 1040-4-2,0.3283582089552239
11,23,0.4749999999999999,0.21000000000000005,1.27625,0.34328358208955223,PUSH,11,Fiskeby 1040-4-2,0.34328358208955223
11,24,0.4749999999999999,0.21000000000000005,1.3125000000000002,0.3582089552238806,PUSH,11,Fiskeby 1040-4-2,0.3582089552238806
11,25,0.4749999999999999,0.21000000000000005,1.3125000000000002,0.373134328358209,PUSH,11,Fiskeby 1040-4-2,0.373134328358209
11,26,0.4749999999999999,0.21000000000000005,1.3125000000000002,0.3880597014925373,PUSH,11,Fiskeby 1040-4-2,0.3880597014925373
11,27,0.4887499999999999,0.21000000000000005,1.3125000000000002,0.40298507462686567,PUSH,11,Fiskeby 1040-4-2,0.40298507462686567
11,28,0.5125,0.26000000000000006,1.4625000000000001,0.417910447761194,PUSH,11,Fiskeby 1040-4-2,0.417910447761194
11,29,0.5125,0.28500000000000003,1.5662500000000001,0.43283582089552236,PUSH,11,Fiskeby 1040-4-2,0.43283582089552236
11,30,0.5174999999999998,0.28500000000000003,1.685,0.44776119402985076,PUSH,11,Fiskeby 1040-4-2,0.44776119402985076
11,31,0.53875,0.28500000000000003,1.76875,0.4626865671641791,PUSH,11,Fiskeby 1040-4-2,0.4626865671641791
11,32,0.53875,0.28500000000000003,1.95,0.47761194029850745,PUSH,11,Fiskeby 1040-4-2,0.47761194029850745
11,33,0.54125,0.30625,2.0012499999999998,0.4925373134328358,PUSH,11,Fiskeby 1040-4-2,0.4925373134328358
11,34,0.54125,0.30625,2.0012499999999998,0.5074626865671642,PUSH,11,Fiskeby 1040-4-2,0.5074626865671642
11,35,0.54875,0.30625,2.09,0.5223880597014925,PUSH,11,Fiskeby 1040-4-2,0.5223880597014925
11,36,0.54875,0.30625,2.1537499999999996,0.5373134328358209,PUSH,11,Fiskeby 1040-4-2,0.5373134328358209
11,37,0.54875,0.30625,2.26375,0.5522388059701493,PUSH,11,Fiskeby 1040-4-2,0.5522388059701493
11,38,0.54875,0.30625,2.38,0.5671641791044776,PUSH,11,Fiskeby 1040-4-2,0.5671641791044776
11,39,0.54875,0.30625,2.38,0.582089552238806,PUSH,11,Fiskeby 1040-4-2,0.582089552238806
11,40,0.54875,0.30625,2.38,0.5970149253731343,PUSH,11,Fiskeby 1040-4-2,0.5970149253731343
11,41,0.54875,0.30625,2.4325,0.6119402985074627,PUSH,11,Fiskeby 1040-4-2,0.6119402985074627
11,42,0.54875,0.30625,2.4325,0.6268656716417911,PUSH,11,Fiskeby 1040-4-2,0.6268656716417911
11,43,0.55625,0.30625,2.51375,0.6417910447761194,PUSH,11,Fiskeby 1040-4-2,0.6417910447761194
11,44,0.5650000000000001,0.32875000000000004,2.51375,0.6567164179104478,PUSH,11,Fiskeby 1040-4-2,0.6567164179104478
11,45,0.6125,0.34,2.58,0.6716417910447762,PUSH,11,Fiskeby 1040-4-2,0.6716417910447762
11,46,0.6599999999999999,0.34,2.5975,0.6865671641791045,PUSH,11,Fiskeby 1040-4-2,0.6865671641791045
11,47,0.6849999999999999,0.34,2.65625,0.7014925373134329,PUSH,11,Fiskeby 1040-4-2,0.7014925373134329
11,48,0.7,0.34,2.7487500000000002,0.7164179104477612,PUSH,11,Fiskeby 1040-4-2,0.7164179104477612
11,49,0.7,0.34,2.84125,0.7313432835820896,PUSH,11,Fiskeby 1040-4-2,0.7313432835820896
11,50,0.7,0.34,2.84125,0.746268656716418,PUSH,11,Fiskeby 1040-4-2,0.746268656716418
11,51,0.7,0.34,2.9525,0.7611940298507462,PUSH,11,Fiskeby 1040-4-2,0.7611940298507462
11,52,0.7,0.37125,3.09125,0.7761194029850746,PUSH,11,Fiskeby 1040-4-2,0.7761194029850746
11,53,0.72875,0.39375000000000004,3.1175,0.7910447761194029,PUSH,11,Fiskeby 1040-4-2,0.7910447761194029
11,54,0.75625,0.41000000000000003,3.25,0.8059701492537313,PUSH,11,Fiskeby 1040-4-2,0.8059701492537313
11,55,0.75625,0.41000000000000003,3.31875,0.8208955223880597,PUSH,11,Fiskeby 1040-4-2,0.8208955223880597
11,56,0.75625,0.41000000000000003,3.4299999999999997,0.835820895522388,PUSH,11,Fiskeby 1040-4-2,0.835820895522388
11,57,0.75625,0.41000000000000003,3.4799999999999995,0.8507462686567164,PUSH,11,Fiskeby 1040-4-2,0.8507462686567164
11,58,0.75625,0.41000000000000003,3.6149999999999998,0.8656716417910447,PUSH,11,Fiskeby 1040-4-2,0.8656716417910447
11,59,0.75625,0.41000000000000003,3.65375,0.8805970149253731,PUSH,11,Fiskeby 1040-4-2,0.8805970149253731
11,60,0.76875,0.41000000000000003,3.7475,0.8955223880597015,PUSH,11,Fiskeby 1040-4-2,0.8955223880597015
11,61,0.7837500000000001,0.4287500000000001,3.89375,0.9104477611940298,PUSH,11,Fiskeby 1040-4-2,0.9104477611940298
11,62,0.7837500000000001,0.4375,4.0337499999999995,0.9253731343283582,PUSH,11,Fiskeby 1040-4-2,0.9253731343283582
11,63,0.8200000000000001,0.4375,4.0962499999999995,0.9402985074626866,PUSH,11,Fiskeby 1040-4-2,0.9402985074626866
11,64,0.85875,0.44125,4.10375,0.9552238805970149,PUSH,11,Fiskeby 1040-4-2,0.9552238805970149
11,65,0.8887500000000002,0.44125,4.148750000000001,0.9701492537313433,PUSH,11,Fiskeby 1040-4-2,0.9701492537313433
11,66,0.98125,0.44125,4.2575,0.9850746268656716,PUSH,11,Fiskeby 1040-4-2,0.9850746268656716
11,67,1.05125,0.48,4.296250000000001,1.0,PUSH,11,Fiskeby 1040-4-2,1.0
