;kubanloc;god;Kat.No;Name;Data.poseva;data.vskhodov;Data.tsveteniya;Posev.vskhody;Vskhody.tsveteniye;Summa.temperatur.posev..vskhody;Summa.temperatur.vskhody.tsv;T·sr.p.v;T·sr.v.ts;Tposeva;T·sr5dneyposleposeva;T·sr1d0neyposleposeva;T·sr15dneyposleposeva;T·sr20dneyposleposeva;T·sr30dneyposleposeva;T·sr40dneyposleposeva;T·sr50dneyposleposeva;T·sr60dneyposleposeva;srOs5sut.do.poseva;srOs5sutposle.poseva;srOs10sutposleposeva;srOs5do5posle;srOs5do.10posle;sr.os15sut.posle.poseva;sr.os20sut.posle.poseva;sr.os30sut.posle.poseva;sr.os40sut.posle.poseva;sr.os50sut.posle.poseva;sr.os60sut.posle.poseva;Tvskhodov;T·sr30dneyposlevskhodov;T·sr40dneyposlevskhodov;T·sr50dneyposlevskhodov;T·sr60dneyposlevskhodov;sr.os30sut.posle.vskh;sr.os40sut.posle.vskh;sr.os50sut.posle.vskh;sr.os60sut.posle.vskh;Dlina_dnya_vskhody;Dlina_dnya_tsveteniye;Srednyaya.Dlina_dnya_v_ts;srednyaya_Dlina_dnya_10dney.posle.vskhodov;sr_Dlina_dnya_20dney.posle.vskhodov;sr_Dlina_dnya_30dney.posle.vskhodov;sr_Dlina_dnya_40dney.posle.vskhodov;sr_Dlina_dnya_50dney.posle.vskhodov
1;Kuban;2004;5830;Fiskeby 1040-4-2;7.05.2004;17.05.2004;22.06.2004;10;36;151.5;594.5;15.15;16.51;15.8;16.94;15.15;14.13;14.89;15.08;15.57;1.69;17.15;20.7;23.68;21.39;22.4;21.41;20.18;21.57;21.06;21.62;22.74;23.32;13.9;15.71;16.94;17.54;18.26;21.7;23.08;23.71;24.71;0.62;0.65;0.64;0.63;0.64;0.64;0.64;0.64
2;Kuban;2005;5830;Fiskeby 1040-4-2;13.05.2005;21.05.2005;14.06.2005;8;24;134.3;515.5;16.79;21.48;17.3;15.52;18.07;19.39;20.43;20.31;20.04;1.55;20.74;22.72;20.98;24.32;22.3;23.59;25.77;27.02;26.82;26.21;26.28;27.13;22.9;21.09;20.57;21.22;21.62;27.29;26.82;27.58;28;0.63;0.65;0.64;0.63;0.64;0.64;0.65;0.65
3;Kuban;2004;9959;Okskaya;07.05.2004;17.05.2004;21.06.2004;10;35;151.5;571.4;15.15;16.33;15.8;16.94;15.15;14.13;14.89;15.08;15.57;1.69;17.15;20.7;23.68;21.39;22.4;21.41;20.18;21.57;21.06;21.62;22.74;23.32;13.9;15.71;16.94;17.54;18.26;21.7;23.08;23.71;24.71;0.62;0.65;0.64;0.63;0.64;0.64;0.64;0.64
4;Kuban;2005;9959;Okskaya;13.05.2005;21.05.2005;14.06.2005;8;24;134.3;515.5;16.79;21.48;17.3;15.52;18.07;19.39;20.43;20.31;20.04;1.55;20.74;22.72;20.98;24.32;22.3;23.59;25.77;27.02;26.82;26.21;26.28;27.13;22.9;21.09;20.57;21.22;21.62;27.29;26.82;27.58;28;0.63;0.65;0.64;0.63;0.64;0.64;0.65;0.65
5;Kuban;2004;9960;Svetlaya;07.05.2004;17.05.2004;21.06.2004;10;35;151.5;571.4;15.15;16.33;15.8;16.94;15.15;14.13;14.89;15.08;15.57;1.69;17.15;20.7;23.68;21.39;22.4;21.41;20.18;21.57;21.06;21.62;22.74;23.32;13.9;15.71;16.94;17.54;18.26;21.7;23.08;23.71;24.71;0.62;0.65;0.64;0.63;0.64;0.64;0.64;0.64
6;Kuban;2005;9960;Svetlaya;13.05.2005;21.05.2005;14.06.2005;8;24;134.3;515.5;16.79;21.48;17.3;15.52;18.07;19.39;20.43;20.31;20.04;1.55;20.74;22.72;20.98;24.32;22.3;23.59;25.77;27.02;26.82;26.21;26.28;27.13;22.9;21.09;20.57;21.22;21.62;27.29;26.82;27.58;28;0.63;0.65;0.64;0.63;0.64;0.64;0.65;0.65
7;Kuban;2004;10043;Altom;07.05.2004;17.05.2004;25.06.2004;10;39;151.5;658.2;15.15;16.88;15.8;16.94;15.15;14.13;14.89;15.08;15.57;1.69;17.15;20.7;23.68;21.39;22.4;21.41;20.18;21.57;21.06;21.62;22.74;23.32;13.9;15.71;16.94;17.54;18.26;21.7;23.08;23.71;24.71;0.62;0.65;0.64;0.63;0.64;0.64;0.64;0.64
8;Kuban;2005;10043;Altom;13.05.2005;21.05.2005;20.06.2005;8;30;134.3;632.7;16.79;21.09;17.3;15.52;18.07;19.39;20.43;20.31;20.04;1.55;20.74;22.72;20.98;24.32;22.3;23.59;25.77;27.02;26.82;26.21;26.28;27.13;22.9;21.09;20.57;21.22;21.62;27.29;26.82;27.58;28;0.63;0.65;0.64;0.63;0.64;0.64;0.65;0.65
9;Kuban;2004;10539;KG-20;07.05.2004;17.05.2004;22.06.2004;10;36;151.5;594.5;15.15;16.51;15.8;16.94;15.15;14.13;14.89;15.08;15.57;1.69;17.15;20.7;23.68;21.39;22.4;21.41;20.18;21.57;21.06;21.62;22.74;23.32;13.9;15.71;16.94;17.54;18.26;21.7;23.08;23.71;24.71;0.62;0.65;0.64;0.63;0.64;0.64;0.64;0.64
10;Kuban;2005;10539;KG-20;13.05.2005;21.05.2005;14.06.2005;8;24;134.3;515.5;16.79;21.48;17.3;15.52;18.07;19.39;20.43;20.31;20.04;1.55;20.74;22.72;20.98;24.32;22.3;23.59;25.77;27.02;26.82;26.21;26.28;27.13;22.9;21.09;20.57;21.22;21.62;27.29;26.82;27.58;28;0.63;0.65;0.64;0.63;0.64;0.64;0.65;0.65
11;Kuban;2004;10651;P·EP 2;07.05.2004;17.05.2004;19.06.2004;10;33;151.5;530.3;15.15;16.07;15.8;16.94;15.15;14.13;14.89;15.08;15.57;1.69;17.15;20.7;23.68;21.39;22.4;21.41;20.18;21.57;21.06;21.62;22.74;23.32;13.9;15.71;16.94;17.54;18.26;21.7;23.08;23.71;24.71;0.62;0.65;0.64;0.63;0.64;0.64;0.64;0.64
12;Kuban;2005;10651;P·EP 2;13.05.2005;21.05.2005;14.06.2005;8;24;134.3;515.5;16.79;21.48;17.3;15.52;18.07;19.39;20.43;20.31;20.04;1.55;20.74;22.72;20.98;24.32;22.3;23.59;25.77;27.02;26.82;26.21;26.28;27.13;22.9;21.09;20.57;21.22;21.62;27.29;26.82;27.58;28;0.63;0.65;0.64;0.63;0.64;0.64;0.65;0.65
13;Kuban;2004;10655;P·EP 18;07.05.2004;17.05.2004;21.06.2004;10;35;151.5;571.4;15.15;16.33;15.8;16.94;15.15;14.13;14.89;15.08;15.57;1.69;17.15;20.7;23.68;21.39;22.4;21.41;20.18;21.57;21.06;21.62;22.74;23.32;13.9;15.71;16.94;17.54;18.26;21.7;23.08;23.71;24.71;0.62;0.65;0.64;0.63;0.64;0.64;0.64;0.64
14;Kuban;2005;10655;P·EP 18;13.05.2005;21.05.2005;14.06.2005;8;24;134.3;515.5;16.79;21.48;17.3;15.52;18.07;19.39;20.43;20.31;20.04;1.55;20.74;22.72;20.98;24.32;22.3;23.59;25.77;27.02;26.82;26.21;26.28;27.13;22.9;21.09;20.57;21.22;21.62;27.29;26.82;27.58;28;0.63;0.65;0.64;0.63;0.64;0.64;0.65;0.65
15;Kuban;2004;10659;P·EP 27;07.05.2004;17.05.2004;23.06.2004;10;37;151.5;616.8;15.15;16.67;15.8;16.94;15.15;14.13;14.89;15.08;15.57;1.69;17.15;20.7;23.68;21.39;22.4;21.41;20.18;21.57;21.06;21.62;22.74;23.32;13.9;15.71;16.94;17.54;18.26;21.7;23.08;23.71;24.71;0.62;0.65;0.64;0.63;0.64;0.64;0.64;0.64
16;Kuban;2005;10659;P·EP 27;13.05.2005;21.05.2005;14.06.2005;8;24;134.3;515.5;16.79;21.48;17.3;15.52;18.07;19.39;20.43;20.31;20.04;1.55;20.74;22.72;20.98;24.32;22.3;23.59;25.77;27.02;26.82;26.21;26.28;27.13;22.9;21.09;20.57;21.22;21.62;27.29;26.82;27.58;28;0.63;0.65;0.64;0.63;0.64;0.64;0.65;0.65
17;Kuban;2004;10660;P·EP 28;07.05.2004;17.05.2004;23.06.2004;10;37;151.5;616.8;15.15;16.67;15.8;16.94;15.15;14.13;14.89;15.08;15.57;1.69;17.15;20.7;23.68;21.39;22.4;21.41;20.18;21.57;21.06;21.62;22.74;23.32;13.9;15.71;16.94;17.54;18.26;21.7;23.08;23.71;24.71;0.62;0.65;0.64;0.63;0.64;0.64;0.64;0.64
18;Kuban;2005;10660;P·EP 28;13.05.2005;21.05.2005;14.06.2005;8;24;134.3;515.5;16.79;21.48;17.3;15.52;18.07;19.39;20.43;20.31;20.04;1.55;20.74;22.72;20.98;24.32;22.3;23.59;25.77;27.02;26.82;26.21;26.28;27.13;22.9;21.09;20.57;21.22;21.62;27.29;26.82;27.58;28;0.63;0.65;0.64;0.63;0.64;0.64;0.65;0.65
19;Pushkin;1999;5830;Fiskeby 1040-4-2;28.05.1999;08.06.1999;02.07.1999;11;24;173.3;517.3;15.7545454545455;21.5541666666667;17.8;13.02;14.98;16.46;17.67;19.1733333333333;19.72;20.23;20.1266666666667;16.1;0.8;13;16.9;29.1;1.10666666666667;0.83;1.52333333333333;1.2925;1.12;1.14666666666667;17.8;21.2133333333333;21.4;21032;20.6066666666667;1.35;1145;1116;1.02;0.764583333333334;0.76625;0.768663194444444;0.767541666666667;0.768833333333333;0.767694444444444;0.76353125;0.755191666666667
20;Pushkin;1999;10539;KG-20;28.05.1999;08.06.1999;02.07.1999;11;24;173.3;517.3;15.7545454545455;21.5541666666667;17.8;13.02;14.98;16.46;17.67;19.1733333333333;19.72;20.23;20.1266666666667;16.1;0.8;13;16.9;29.1;1.10666666666667;0.83;1.52333333333333;1.2925;1.12;1.14666666666667;17.8;21.2133333333333;21.4;21032;20.6066666666667;1.35;1145;1116;1.02;0.764583333333334;0.76625;0.768663194444444;0.767541666666667;0.768833333333333;0.767694444444444;0.76353125;0.755191666666667
21;Pushkin;1999;9959;Okskaya;28.05.1999;08.06.1999;05.07.1999;11;27;173.3;577;15.7545454545455;21.3703703703704;17.8;13.02;14.98;16.46;17.67;19.1733333333333;19.72;20.23;20.1266666666667;16.1;0.8;13;16.9;29.1;1.10666666666667;0.83;1.52333333333333;1.2925;1.12;1.14666666666667;17.8;21.2133333333333;21.4;21032;20.6066666666667;1.35;1145;1116;1.02;0.764583333333334;0.763333333333333;0.768287037037037;0.767541666666667;0.768833333333333;0.767694444444444;0.76353125;0.755191666666667
22;Pushkin;1999;10655;P·EP 18;14.05.1999;24.05.1999;26.06.1999;10;33;97.8;611.1;9.78;18.5181818181818;15.3;6.5;9.78;11.4133333333333;11.97;14.1966666666667;15965;17436;17.8366666666667;0;0;6;0;6;1.18666666666667;0.89;1.12;1535;1288;1175;15.3;18.0266666666667;19.35;19448;19.9266666666667;1.84666666666667;1.46;1.29;1.16833333333333;0.7275;0.769583333333333;0.760239898989899;0.744458333333333;754;0.75925;0.761604166666667;0.7614
23;Pushkin;1999;10651;P·EP 2;14.05.1999;24.05.1999;26.06.1999;10;33;97.8;611.1;9.78;18.5181818181818;15.3;6.5;9.78;11.4133333333333;11.97;14.1966666666667;15965;17436;17.8366666666667;0;0;6;0;6;1.18666666666667;0.89;1.12;1535;1288;1175;15.3;18.0266666666667;19.35;19448;19.9266666666667;1.84666666666667;1.46;1.29;1.16833333333333;0.7275;0.769583333333333;0.760239898989899;0.744458333333333;754;0.75925;0.761604166666667;0.7614
24;Pushkin;1999;10659;P·EP 27;14.05.1999;24.05.1999;26.06.1999;10;33;97.8;611.1;9.78;18.5181818181818;15.3;6.5;9.78;11.4133333333333;11.97;14.1966666666667;15965;17436;17.8366666666667;0;0;6;0;6;1.18666666666667;0.89;1.12;1535;1288;1175;15.3;18.0266666666667;19.35;19448;19.9266666666667;1.84666666666667;1.46;1.29;1.16833333333333;0.7275;0.769583333333333;0.760239898989899;0.744458333333333;754;0.75925;0.761604166666667;0.7614
25;Pushkin;1999;10660;P·EP 28;14.05.1999;24.05.1999;26.06.1999;10;33;97.8;611.1;9.78;18.5181818181818;15.3;6.5;9.78;11.4133333333333;11.97;14.1966666666667;15965;17436;17.8366666666667;0;0;6;0;6;1.18666666666667;0.89;1.12;1535;1288;1175;15.3;18.0266666666667;19.35;19448;19.9266666666667;1.84666666666667;1.46;1.29;1.16833333333333;0.7275;0.769583333333333;0.760239898989899;0.744458333333333;754;0.75925;0.761604166666667;0.7614
26;Pushkin;1999;9960;Svetlaya;28.05.1999;08.06.1999;07.07.1999;11;29;173.3;615.5;15.7545454545455;21.2241379310345;17.8;13.02;14.98;16.46;17.67;19.1733333333333;19.72;20.23;20.1266666666667;16.1;0.8;13;16.9;29.1;1.10666666666667;0.83;1.52333333333333;1.2925;1.12;1.14666666666667;17.8;21.2133333333333;21.4;21032;20.6066666666667;1.35;1145;1116;1.02;0.764583333333334;0.76125;0.767916666666667;0.767541666666667;0.768833333333333;0.767694444444444;0.76353125;0.755191666666667
27;Pushkin;2000;5830;Fiskeby 1040-4-2;26.05.2000;05.06.2000;18.07.2000;10;43;144.3;717.4;14.43;16.6837209302326;11.5;16;14.43;13.5333333333333;14325;14.89;15585;16.1;16.6733333333333;1.9;8.2;19.6;10.1;21.5;2.24;2.05;1.48;2945;3396;3915;11.5;15.97;16.5175;17122;17035;3.27333333333333;3755;4306;3625;0.760833333333333;0.729583333333333;0.76343992248062;0.765333333333333;0.76775;0.767680555555555;0.765322916666667;0.757991666666667
28;Pushkin;2000;10539;KG-20;16.05.2000;29.05.2000;17.07.2000;13;49;176.2;797.6;13.5538461538462;16.2775510204082;21.7;11.4;13.13;14.0866666666667;13.78;13.9266666666667;14.45;15094;15605;8.5;0;1.9;8.5;10.4;0.673333333333333;1075;1.43;1.1575;2394;2.86166666666667;21.7;15.3033333333333;15.9075;16336;16765;2.17333333333333;2.96;4002;3.90333333333333;0.751666666666667;0.73125;0.763044217687075;0.757916666666667;0.762729166666667;0.765194444444444;0.76525;0.762408333333333
29;Pushkin;2000;10539;KG-20;26.05.2000;08.06.2000;20.07.2000;13;42;178.6;722.5;13.7384615384615;17.202380952381;11.8;16;14.43;13.5333333333333;14325;14.89;15585;16.1;16.6733333333333;1.9;8.2;19.6;10.1;21.5;2.24;2.05;1.48;2945;3396;3915;11.8;16.7533333333333;17.0775;17444;17.2883333333333;3.33666666666667;4545;4318;3.59833333333333;0.764583333333334;0.72625;0.761875;0.767541666666667;0.768833333333333;0.767694444444444;0.76353125;0.755191666666667
30;Pushkin;2000;10043;Altom;26.05.2000;05.06.2000;20.07.2000;10;45;144.3;756.8;14.43;16.8177777777778;11.5;16;14.43;13.5333333333333;14325;14.89;15585;16.1;16.6733333333333;1.9;8.2;19.6;10.1;21.5;2.24;2.05;1.48;2945;3396;3915;11.5;15.97;16.5175;17122;17035;3.27333333333333;3755;4306;3625;0.760833333333333;0.72625;0.761898148148148;0.765333333333333;0.76775;0.767680555555555;0.765322916666667;0.757991666666667
31;Pushkin;2000;9959;Okskaya;16.05.2000;05.06.2000;20.07.2000;20;45;275.6;756.8;13.78;16.8177777777778;11.5;11.4;13.13;14.0866666666667;13.78;13.9266666666667;14.45;15094;15605;8.5;0;1.9;8.5;10.4;0.673333333333333;1075;1.43;1.1575;2394;2.86166666666667;11.5;15.97;16.5175;17122;17035;3.27333333333333;3755;4306;3625;0.760833333333333;0.72625;0.761898148148148;0.765333333333333;0.76775;0.767680555555555;0.765322916666667;0.757991666666667
32;Pushkin;2000;9959;Okskaya;26.05.2000;10.06.2000;30.07.2000;15;50;203;875.7;13.5333333333333;17514;14.3;16;14.43;13.5333333333333;14325;14.89;15585;16.1;16.6733333333333;1.9;8.2;19.6;10.1;21.5;2.24;2.05;1.48;2945;3396;3915;14.3;17.1266666666667;17.4525;17514;17.4016666666667;2.99666666666667;4.3375;4.07;3.39666666666667;0.765833333333333;0.69125;0.753016666666667;0.768583333333333;0.769166666666666;0.767347222222222;0.76171875;0.753016666666667
33;Pushkin;2000;10655;P·EP 18;16.05.2000;02.06.2000;14.07.2000;17;42;236.1;683.4;13.8882352941176;16.2714285714286;15.1;11.4;13.13;14.0866666666667;13.78;13.9266666666667;14.45;15094;15605;8.5;0;1.9;8.5;10.4;0.673333333333333;1075;1.43;1.1575;2394;2.86166666666667;15.1;15.6866666666667;16115;16716;16.8183333333333;2.33;2.75;3.79;3.65833333333333;0.7575;0.7525;0.76515873015873;0.762541666666667;0.765979166666667;0.767027777777778;0.765697916666667;0.76025
34;Pushkin;2000;10655;P·EP 18;26.05.2000;12.06.2000;20.07.2000;17;38;237.7;663.4;13.9823529411765;17.4578947368421;15.9;16;14.43;13.5333333333333;14325;14.89;15585;16.1;16.6733333333333;1.9;8.2;19.6;10.1;21.5;2.24;2.05;1.48;2945;3396;3915;15.9;17.0566666666667;17.5725;17524;17.2783333333333;3.13333333333333;4.3375;4.07;3.48166666666667;0.7675;0.72625;0.761480263157895;0.769416666666667;0.769270833333333;0.76675;0.759677083333333;0.749975
35;Pushkin;2000;10651;P·EP 2;16.05.2000;29.05.2000;14.07.2000;13;46;176.2;743.3;13.5538461538462;16.1586956521739;21.7;11.4;13.13;14.0866666666667;13.78;13.9266666666667;14.45;15094;15605;8.5;0;1.9;8.5;10.4;0.673333333333333;1075;1.43;1.1575;2394;2.86166666666667;21.7;15.3033333333333;15.9075;16336;16765;2.17333333333333;2.96;4002;3.90333333333333;0.751666666666667;0.7525;0.76419384057971;0.757916666666667;0.762729166666667;0.765194444444444;0.76525;0.762408333333333
36;Pushkin;2000;10651;P·EP 2;26.05.2000;08.06.2000;20.07.2000;13;42;178.6;722.5;13.7384615384615;17.202380952381;11.8;16;14.43;13.5333333333333;14325;14.89;15585;16.1;16.6733333333333;1.9;8.2;19.6;10.1;21.5;2.24;2.05;1.48;2945;3396;3915;11.8;16.7533333333333;17.0775;17444;17.2883333333333;3.33666666666667;4545;4318;3.59833333333333;0.764583333333334;0.72625;0.761875;0.767541666666667;0.768833333333333;0.767694444444444;0.76353125;0.755191666666667
37;Pushkin;2000;10659;P·EP 27;16.05.2000;02.06.2000;16.07.2000;17;44;236.1;721.6;13.8882352941176;16.4;15.1;11.4;13.13;14.0866666666667;13.78;13.9266666666667;14.45;15094;15605;8.5;0;1.9;8.5;10.4;0.673333333333333;1075;1.43;1.1575;2394;2.86166666666667;15.1;15.6866666666667;16115;16716;16.8183333333333;2.33;2.75;3.79;3.65833333333333;0.7575;0.732916666666667;0.764545454545454;0.762541666666667;0.765979166666667;0.767027777777778;0.765697916666667;0.76025
38;Pushkin;2000;10659;P·EP 27;26.05.2000;07.06.2000;19.07.2000;12.5;41.5;167.4;694.3;13392;16.7301204819277;11.2;16;14.43;13.5333333333333;14325;14.89;15585;16.1;16.6733333333333;1.9;8.2;19.6;10.1;21.5;2.24;2.05;1.48;2945;3396;3915;11.2;16.4766666666667;16.8775;17418;17.1883333333333;3.39;4.4675;4.35;3625;0.763333333333333;0.727916666666667;0.754327309236948;0.766875;0.768541666666666;0.767763888888889;0.764333333333333;0.756183333333334
39;Pushkin;2000;10660;P·EP 28;16.05.2000;02.06.2000;14.07.2000;17;42;236.1;683.4;13.8882352941176;16.2714285714286;15.1;11.4;13.13;14.0866666666667;13.78;13.9266666666667;14.45;15094;15605;8.5;0;1.9;8.5;10.4;0.673333333333333;1075;1.43;1.1575;2394;2.86166666666667;15.1;15.6866666666667;16115;16716;16.8183333333333;2.33;2.75;3.79;3.65833333333333;0.7575;0.7525;0.76515873015873;0.762541666666667;0.765979166666667;0.767027777777778;0.765697916666667;0.76025
40;Pushkin;2000;10660;P·EP 28;26.05.2000;10.06.2000;18.07.2000;15;38;203;658.7;13.5333333333333;17.3342105263158;14.3;16;14.43;13.5333333333333;14325;14.89;15585;16.1;16.6733333333333;1.9;8.2;19.6;10.1;21.5;2.24;2.05;1.48;2945;3396;3915;14.3;17.1266666666667;17.4525;17514;17.4016666666667;2.99666666666667;4.3375;4.07;3.39666666666667;0.765833333333333;0.729583333333333;0.763453947368421;0.768583333333333;0.769166666666666;0.767347222222222;0.76171875;0.753016666666667
41;Pushkin;2000;9960;Svetlaya;26.05.2000;05.06.2000;17.07.2000;10;42;144.3;698.2;14.43;16.6238095238095;11.5;16;14.43;13.5333333333333;14325;14.89;15585;16.1;16.6733333333333;1.9;8.2;19.6;10.1;21.5;2.24;2.05;1.48;2945;3396;3915;11.5;15.97;16.5175;17122;17035;3.27333333333333;3755;4306;3625;0.760833333333333;0.73125;0.764206349206349;0.765333333333333;0.76775;0.767680555555555;0.765322916666667;0.757991666666667
42;Pushkin;2001;5830;Fiskeby 1040-4-2;25.05.2001;08.06.2001;15.07.2001;14;37;148;654.2;10.5714285714286;17.6810810810811;4.3;16;8.7;15.5111111111111;11515;13.0266666666667;14.38;15678;16.9333333333333;5.6;6.65;1.41;18.25;30.4;2.24666666666667;3415;2.76333333333333;2.21;1.87;2.68833333333333;17.8333333333333;17.17;18.15;19168;18.7816666666667;2.35;3.1175;2896;2.66;0.764583333333334;0.750833333333333;0.765574324324324;0.767541666666667;0.768833333333333;0.767694444444444;0.76353125;0.755191666666667
43;Pushkin;2001;10539;KG-20;25.05.2001;13.06.2001;15.07.2001;19;32;220.7;581.5;11.6157894736842;18.171875;4.3;16;8.7;15.5111111111111;11515;13.0266666666667;14.38;15678;16.9333333333333;5.6;6.65;1.41;18.25;30.4;2.24666666666667;3415;2.76333333333333;2.21;1.87;2.68833333333333;17.8333333333333;18.19;19.3325;19566;19.0783333333333;0.96;2.5125;2198;2.39666666666667;0.767916666666667;0.750833333333333;0.7655078125;0.76975;0.769208333333333;0.766333333333333;0.7585625;0.748366666666667
44;Pushkin;2001;10043;Altom;25.05.2001;10.06.2001;15.07.2001;16;35;181.9;620.3;11.36875;17.7228571428571;4.3;16;8.7;15.5111111111111;11515;13.0266666666667;14.38;15678;16.9333333333333;5.6;6.65;1.41;18.25;30.4;2.24666666666667;3415;2.76333333333333;2.21;1.87;2.68833333333333;17.8333333333333;17.4366666666667;18.5925;19308;18.81;1.46666666666667;2.7875;2366;2.25666666666667;0.765833333333333;0.750833333333333;0.765607142857143;0.768583333333333;0.769166666666666;0.767347222222222;0.76171875;0.753016666666667
45;Pushkin;2001;9959;Okskaya;25.05.2001;10.06.2001;17.07.2001;16;37;181.9;666.9;11.36875;18.0243243243243;4.3;16;8.7;15.5111111111111;11515;13.0266666666667;14.38;15678;16.9333333333333;5.6;6.65;1.41;18.25;30.4;2.24666666666667;3415;2.76333333333333;2.21;1.87;2.68833333333333;17.8333333333333;17.4366666666667;18.5925;19308;18.81;1.46666666666667;2.7875;2366;2.25666666666667;0.765833333333333;0.73125;0.764324324324324;0.768583333333333;0.769166666666666;0.767347222222222;0.76171875;0.753016666666667
46;Pushkin;2001;10655;P·EP 18;25.05.2001;08.06.2001;10.07.2001;14;32;148;557;10.5714285714286;17.40625;4.3;16;8.7;15.5111111111111;11515;13.0266666666667;14.38;15678;16.9333333333333;5.6;6.65;1.41;18.25;30.4;2.24666666666667;3415;2.76333333333333;2.21;1.87;2.68833333333333;17.8333333333333;17.17;18.15;19168;18.7816666666667;2.35;3.1175;2896;2.66;0.764583333333334;0.757916666666667;0.767200520833333;0.767541666666667;0.768833333333333;0.767694444444444;0.76353125;0.755191666666667
48;Pushkin;2001;10659;P·EP 27;25.05.2001;08.06.2001;10.07.2001;14;32;148;557;10.5714285714286;17.40625;4.3;16;8.7;15.5111111111111;11515;13.0266666666667;14.38;15678;16.9333333333333;5.6;6.65;1.41;18.25;30.4;2.24666666666667;3415;2.76333333333333;2.21;1.87;2.68833333333333;17.8333333333333;17.17;18.15;19168;18.7816666666667;2.35;3.1175;2896;2.66;0.764583333333334;0.757916666666667;0.767200520833333;0.767541666666667;0.768833333333333;0.767694444444444;0.76353125;0.755191666666667
49;Pushkin;2001;10660;P·EP 28;25.05.2001;10.06.2001;10.07.2001;16;30;181.9;523.1;11.36875;17.4366666666667;4.3;16;8.7;15.5111111111111;11515;13.0266666666667;14.38;15678;16.9333333333333;5.6;6.65;1.41;18.25;30.4;2.24666666666667;3415;2.76333333333333;2.21;1.87;2.68833333333333;17.8333333333333;17.4366666666667;18.5925;19308;18.81;1.46666666666667;2.7875;2366;2.25666666666667;0.765833333333333;0.757916666666667;0.767347222222222;0.768583333333333;0.769166666666666;0.767347222222222;0.76171875;0.753016666666667
50;Pushkin;2001;9960;Svetlaya;25.05.2001;08.06.2001;15.07.2001;14;37;148;654.2;10.5714285714286;17.6810810810811;4.3;16;8.7;15.5111111111111;11515;13.0266666666667;14.38;15678;16.9333333333333;5.6;6.65;1.41;18.25;30.4;2.24666666666667;3415;2.76333333333333;2.21;1.87;2.68833333333333;17.8333333333333;17.17;18.15;19168;18.7816666666667;2.35;3.1175;2896;2.66;0.764583333333334;0.750833333333333;0.765574324324324;0.767541666666667;0.768833333333333;0.767694444444444;0.76353125;0.755191666666667
51;Pushkin;2002;5830;Fiskeby 1040-4-2;06.05.2002;29.05.2002;08.07.2002;23;40;256.7;684.2;11.1608695652174;17105;12.8;12.38;13.9;11.74;11155;12.4;13555;14.27;14.6666666666667;0;0.5;12;0.5;12;1.67333333333333;1585;1.16;1385;1226;1345;12.8;16.76;17105;17.8;18.2583333333333;1.23666666666667;1245;1142;1.82;0.751666666666667;0.760416666666667;0.76525;0.757916666666667;0.762729166666667;0.765194444444444;0.76525;0.762408333333333
52;Pushkin;2002;5830;Fiskeby 1040-4-2;21.05.2002;03.06.2002;11.07.2002;13;38;168.4;655;12.9538461538462;17.2368421052632;13.4;9.4;11.19;13.06;13655;15.1366666666667;15.37;16026;16.9666666666667;13.1;6.6;6.6;19.7;19.7;0.646666666666667;655;1.08333333333333;1.2025;1254;1.06166666666667;13.4;16.44;17.5425;18282;18.63;1.51333333333333;1.4025;1.69;1.82;0.75875;0.756666666666667;0.766151315789474;0.763541666666667;0.766645833333333;0.767319444444444;0.765635416666667;0.759558333333333
53;Pushkin;2002;10539;KG-20;21.05.2002;03.06.2002;10.07.2002;13;37;168.4;632.9;12.9538461538462;17.1054054054054;13.4;9.4;11.19;13.06;13655;15.1366666666667;15.37;16026;16.9666666666667;13.1;6.6;6.6;19.7;19.7;0.646666666666667;655;1.08333333333333;1.2025;1254;1.06166666666667;13.4;16.44;17.5425;18282;18.63;1.51333333333333;1.4025;1.69;1.82;0.75875;0.757916666666667;0.766373873873874;0.763541666666667;0.766645833333333;0.767319444444444;0.765635416666667;0.759558333333333
54;Pushkin;2002;10043;Altom;06.05.2002;27.05.2002;12.07.2002;21;46;233.8;788.9;11.1333333333333;17.15;11.2;12.38;13.9;11.74;11155;12.4;13555;14.27;14.6666666666667;0;0.5;12;0.5;12;1.67333333333333;1585;1.16;1385;1226;1345;11.2;16.4866666666667;16745;17.49;18.0333333333333;1.07;1.2375;1132;1.78666666666667;0.7325;755;0.763641304347826;0.753666666666667;0.759916666666667;0.763347222222222;0.764239583333333;0.762791666666666
55;Pushkin;2002;10043;Altom;21.05.2002;03.06.2002;13.07.2002;13;40;168.4;701.7;12.9538461538462;17.5425;13.4;9.4;11.19;13.06;13655;15.1366666666667;15.37;16026;16.9666666666667;13.1;6.6;6.6;19.7;19.7;0.646666666666667;655;1.08333333333333;1.2025;1254;1.06166666666667;13.4;16.44;17.5425;18282;18.63;1.51333333333333;1.4025;1.69;1.82;0.75875;0.75375;0.765635416666667;0.763541666666667;0.766645833333333;0.767319444444444;0.765635416666667;0.759558333333333
56;Pushkin;2002;9959;Okskaya;06.05.2002;27.05.2002;12.07.2002;21;46;233.8;788.9;11.1333333333333;17.15;11.2;12.38;13.9;11.74;11155;12.4;13555;14.27;14.6666666666667;0;0.5;12;0.5;12;1.67333333333333;1585;1.16;1385;1226;1345;11.2;16.4866666666667;16745;17.49;18.0333333333333;1.07;1.2375;1132;1.78666666666667;0.7325;755;0.763641304347826;0.753666666666667;0.759916666666667;0.763347222222222;0.764239583333333;0.762791666666666
57;Pushkin;2002;9959;Okskaya;21.05.2002;03.06.2002;12.07.2002;13;39;168.4;678.2;12.9538461538462;17.3897435897436;13.4;9.4;11.19;13.06;13655;15.1366666666667;15.37;16026;16.9666666666667;13.1;6.6;6.6;19.7;19.7;0.646666666666667;655;1.08333333333333;1.2025;1254;1.06166666666667;13.4;16.44;17.5425;18282;18.63;1.51333333333333;1.4025;1.69;1.82;0.75875;755;0.76590811965812;0.763541666666667;0.766645833333333;0.767319444444444;0.765635416666667;0.759558333333333
58;Pushkin;2002;10655;P·EP 18;06.05.2002;31.05.2002;05.07.2002;25;35;288;592;11.52;16.9142857142857;18.7;12.38;13.9;11.74;11155;12.4;13555;14.27;14.6666666666667;0;0.5;12;0.5;12;1.67333333333333;1585;1.16;1385;1226;1345;18.7;16.7633333333333;17235;18122;18.4283333333333;1.38333333333333;1.4025;1142;1.82;755;0.763333333333333;0.76622619047619;0.760416666666667;0.7645;0.76625;0.765614583333333;0.761458333333333
59;Pushkin;2002;10655;P·EP 18;21.05.2002;03.06.2002;06.07.2002;13;33;168.4;559.1;12.9538461538462;16.9424242424242;13.4;9.4;11.19;13.06;13655;15.1366666666667;15.37;16026;16.9666666666667;13.1;6.6;6.6;19.7;19.7;0.646666666666667;655;1.08333333333333;1.2025;1254;1.06166666666667;13.4;16.44;17.5425;18282;18.63;1.51333333333333;1.4025;1.69;1.82;0.75875;0.7625;0.767045454545454;0.763541666666667;0.766645833333333;0.767319444444444;0.765635416666667;0.759558333333333
60;Pushkin;2002;10651;P·EP 2;06.05.2002;31.05.2002;05.07.2002;25;35;288;592;11.52;16.9142857142857;18.7;12.38;13.9;11.74;11155;12.4;13555;14.27;14.6666666666667;0;0.5;12;0.5;12;1.67333333333333;1585;1.16;1385;1226;1345;18.7;16.7633333333333;17235;18122;18.4283333333333;1.38333333333333;1.4025;1142;1.82;755;0.763333333333333;0.76622619047619;0.760416666666667;0.7645;0.76625;0.765614583333333;0.761458333333333
61;Pushkin;2002;10651;P·EP 2;21.05.2002;03.06.2002;08.07.2002;13;35;168.4;596.4;12.9538461538462;17.04;13.4;9.4;11.19;13.06;13655;15.1366666666667;15.37;16026;16.9666666666667;13.1;6.6;6.6;19.7;19.7;0.646666666666667;655;1.08333333333333;1.2025;1254;1.06166666666667;13.4;16.44;17.5425;18282;18.63;1.51333333333333;1.4025;1.69;1.82;0.75875;0.760416666666667;0.76675;0.763541666666667;0.766645833333333;0.767319444444444;0.765635416666667;0.759558333333333
62;Pushkin;2002;10659;P·EP 27;06.05.2002;31.05.2002;08.07.2002;25;38;288;652.9;11.52;17.1815789473684;18.7;12.38;13.9;11.74;11155;12.4;13555;14.27;14.6666666666667;0;0.5;12;0.5;12;1.67333333333333;1585;1.16;1385;1226;1345;18.7;16.7633333333333;17235;18122;18.4283333333333;1.38333333333333;1.4025;1142;1.82;755;0.760416666666667;0.765921052631579;0.760416666666667;0.7645;0.76625;0.765614583333333;0.761458333333333
63;Pushkin;2002;10659;P·EP 27;21.05.2002;03.06.2002;13.07.2002;13;40;168.4;701.7;12.9538461538462;17.5425;13.4;9.4;11.19;13.06;13655;15.1366666666667;15.37;16026;16.9666666666667;13.1;6.6;6.6;19.7;19.7;0.646666666666667;655;1.08333333333333;1.2025;1254;1.06166666666667;13.4;16.44;17.5425;18282;18.63;1.51333333333333;1.4025;1.69;1.82;0.75875;0.75375;0.765635416666667;0.763541666666667;0.766645833333333;0.767319444444444;0.765635416666667;0.759558333333333
64;Pushkin;2002;10660;P·EP 28;06.05.2002;29.05.2002;03.07.2002;23;35.5;256.7;581;11.1608695652174;16.3661971830986;12.8;12.38;13.9;11.74;11155;12.4;13555;14.27;14.6666666666667;0;0.5;12;0.5;12;1.67333333333333;1585;1.16;1385;1226;1345;12.8;16.76;17105;17.8;18.2583333333333;1.23666666666667;1245;1142;1.82;0.751666666666667;0.765416666666667;0.754741784037559;0.757916666666667;0.762729166666667;0.765194444444444;0.76525;0.762408333333333
65;Pushkin;2002;10660;P·EP 28;21.05.2002;03.06.2002;06.07.2002;13;33;168.4;559.1;12.9538461538462;16.9424242424242;13.4;9.4;11.19;13.06;13655;15.1366666666667;15.37;16026;16.9666666666667;13.1;6.6;6.6;19.7;19.7;0.646666666666667;655;1.08333333333333;1.2025;1254;1.06166666666667;13.4;16.44;17.5425;18282;18.63;1.51333333333333;1.4025;1.69;1.82;0.75875;0.7625;0.767045454545454;0.763541666666667;0.766645833333333;0.767319444444444;0.765635416666667;0.759558333333333
66;Pushkin;2002;9960;Svetlaya;06.05.2002;31.05.2002;06.07.2002;25;36;288;615.6;11.52;17.1;18.7;12.38;13.9;11.74;11155;12.4;13555;14.27;14.6666666666667;0;0.5;12;0.5;12;1.67333333333333;1585;1.16;1385;1226;1345;18.7;16.7633333333333;17235;18122;18.4283333333333;1.38333333333333;1.4025;1142;1.82;755;0.7625;0.766145833333333;0.760416666666667;0.7645;0.76625;0.765614583333333;0.761458333333333
67;Pushkin;2002;9960;Svetlaya;21.05.2002;03.06.2002;08.07.2002;13;35;168.4;596.4;12.9538461538462;17.04;13.4;9.4;11.19;13.06;13655;15.1366666666667;15.37;16026;16.9666666666667;13.1;6.6;6.6;19.7;19.7;0.646666666666667;655;1.08333333333333;1.2025;1254;1.06166666666667;13.4;16.44;17.5425;18282;18.63;1.51333333333333;1.4025;1.69;1.82;0.75875;0.760416666666667;0.76675;0.763541666666667;0.766645833333333;0.767319444444444;0.765635416666667;0.759558333333333
68;Pushkin;2003;5830;Fiskeby 1040-4-2;14.05.2003;26.05.2003;16.07.2003;12;51;163.8;769.5;13.65;15.0882352941177;21.8;13.08;13.47;14.3933333333333;13.32;13.3866666666667;13.2275;13564;14.3833333333333;0.7;31.5;35.5;32.2;36.2;2.41333333333333;1.84;1.63333333333333;1.94;1646;1605;21.8;13.1866666666667;13835;14952;15935;1.38;1.1725;1202;1.56666666666667;0.730833333333333;0.732916666666667;0.762165032679738;0.750666666666667;758;0.762055555555556;0.763427083333333;0.762391666666666
69;Pushkin;2003;5830;Fiskeby 1040-4-2;26.05.2003;08.06.2003;20.07.2003;13;42;164.6;685.9;12.6615384615385;16.3309523809524;15.2;15.48;12.64;13.2133333333333;13.16;13.1866666666667;13835;14952;15935;2.9;0.6;0.6;3.5;3.5;0.546666666666667;1165;1.38;1.1725;1202;1.56666666666667;15.2;14.72;16.1175;17284;18.1833333333333;1.43666666666667;1.3175;1762;1.70166666666667;0.764583333333334;0.72625;0.761875;0.767541666666667;0.768833333333333;0.767694444444444;0.76353125;0.755191666666667
70;Pushkin;2003;10539;KG-20;14.05.2003;26.05.2003;16.07.2003;12;51;163.8;769.5;13.65;15.0882352941177;21.8;13.08;13.47;14.3933333333333;13.32;13.3866666666667;13.2275;13564;14.3833333333333;0.7;31.5;35.5;32.2;36.2;2.41333333333333;1.84;1.63333333333333;1.94;1646;1605;21.8;13.1866666666667;13835;14952;15935;1.38;1.1725;1202;1.56666666666667;0.730833333333333;0.732916666666667;0.762165032679738;0.750666666666667;758;0.762055555555556;0.763427083333333;0.762391666666666
71;Pushkin;2003;10539;KG-20;26.05.2003;08.06.2003;18.07.2003;13;40;164.6;644.7;12.6615384615385;16.1175;15.2;15.48;12.64;13.2133333333333;13.16;13.1866666666667;13835;14952;15935;2.9;0.6;0.6;3.5;3.5;0.546666666666667;1165;1.38;1.1725;1202;1.56666666666667;15.2;14.72;16.1175;17284;18.1833333333333;1.43666666666667;1.3175;1762;1.70166666666667;0.764583333333334;0.729583333333333;0.76353125;0.767541666666667;0.768833333333333;0.767694444444444;0.76353125;0.755191666666667
72;Pushkin;2003;10043;Altom;14.05.2003;26.05.2003;20.07.2003;12;55;163.8;850.5;13.65;15.4636363636364;21.8;13.08;13.47;14.3933333333333;13.32;13.3866666666667;13.2275;13564;14.3833333333333;0.7;31.5;35.5;32.2;36.2;2.41333333333333;1.84;1.63333333333333;1.94;1646;1605;21.8;13.1866666666667;13835;14952;15935;1.38;1.1725;1202;1.56666666666667;0.730833333333333;0.72625;0.75985606060606;0.750666666666667;758;0.762055555555556;0.763427083333333;0.762391666666666
73;Pushkin;2003;10043;Altom;26.05.2003;08.06.2003;22.07.2003;13;44;164.6;727.2;12.6615384615385;16.5272727272727;15.2;15.48;12.64;13.2133333333333;13.16;13.1866666666667;13835;14952;15935;2.9;0.6;0.6;3.5;3.5;0.546666666666667;1165;1.38;1.1725;1202;1.56666666666667;15.2;14.72;16.1175;17284;18.1833333333333;1.43666666666667;1.3175;1762;1.70166666666667;0.764583333333334;0.722916666666667;0.760217803030303;0.767541666666667;0.768833333333333;0.767694444444444;0.76353125;0.755191666666667
74;Pushkin;2003;9959;Okskaya;14.05.2003;26.05.2003;18.07.2003;12;53;163.8;809.3;13.65;15.2698113207547;21.8;13.08;13.47;14.3933333333333;13.32;13.3866666666667;13.2275;13564;14.3833333333333;0.7;31.5;35.5;32.2;36.2;2.41333333333333;1.84;1.63333333333333;1.94;1646;1605;21.8;13.1866666666667;13835;14952;15935;1.38;1.1725;1202;1.56666666666667;0.730833333333333;0.729583333333333;0.761029874213836;0.750666666666667;758;0.762055555555556;0.763427083333333;0.762391666666666
75;Pushkin;2003;9959;Okskaya;26.05.2003;08.06.2003;21.07.2003;13;43;164.6;706.7;12.6615384615385;16.4348837209302;15.2;15.48;12.64;13.2133333333333;13.16;13.1866666666667;13835;14952;15935;2.9;0.6;0.6;3.5;3.5;0.546666666666667;1165;1.38;1.1725;1202;1.56666666666667;15.2;14.72;16.1175;17284;18.1833333333333;1.43666666666667;1.3175;1762;1.70166666666667;0.764583333333334;0.724583333333333;0.761046511627907;0.767541666666667;0.768833333333333;0.767694444444444;0.76353125;0.755191666666667
76;Pushkin;2003;10655;P·EP 18;14.05.2003;26.05.2003;14.07.2003;12;49;163.8;722.7;13.65;14.7489795918367;21.8;13.08;13.47;14.3933333333333;13.32;13.3866666666667;13.2275;13564;14.3833333333333;0.7;31.5;35.5;32.2;36.2;2.41333333333333;1.84;1.63333333333333;1.94;1646;1605;21.8;13.1866666666667;13835;14952;15935;1.38;1.1725;1202;1.56666666666667;0.730833333333333;0.7525;0.762593537414966;0.750666666666667;758;0.762055555555556;0.763427083333333;0.762391666666666
77;Pushkin;2003;10655;P·EP 18;26.05.2003;08.06.2003;18.07.2003;13;40;164.6;644.7;12.6615384615385;16.1175;15.2;15.48;12.64;13.2133333333333;13.16;13.1866666666667;13835;14952;15935;2.9;0.6;0.6;3.5;3.5;0.546666666666667;1165;1.38;1.1725;1202;1.56666666666667;15.2;14.72;16.1175;17284;18.1833333333333;1.43666666666667;1.3175;1762;1.70166666666667;0.764583333333334;0.729583333333333;0.76353125;0.767541666666667;0.768833333333333;0.767694444444444;0.76353125;0.755191666666667
78;Pushkin;2003;10651;P·EP 2;14.05.2003;26.05.2003;14.07.2003;12;49;163.8;722.7;13.65;14.7489795918367;21.8;13.08;13.47;14.3933333333333;13.32;13.3866666666667;13.2275;13564;14.3833333333333;0.7;31.5;35.5;32.2;36.2;2.41333333333333;1.84;1.63333333333333;1.94;1646;1605;21.8;13.1866666666667;13835;14952;15935;1.38;1.1725;1202;1.56666666666667;0.730833333333333;0.7525;0.762593537414966;0.750666666666667;758;0.762055555555556;0.763427083333333;0.762391666666666
79;Pushkin;2003;10651;P·EP 2;26.05.2003;08.06.2003;18.07.2003;13;40;164.6;644.7;12.6615384615385;16.1175;15.2;15.48;12.64;13.2133333333333;13.16;13.1866666666667;13835;14952;15935;2.9;0.6;0.6;3.5;3.5;0.546666666666667;1165;1.38;1.1725;1202;1.56666666666667;15.2;14.72;16.1175;17284;18.1833333333333;1.43666666666667;1.3175;1762;1.70166666666667;0.764583333333334;0.729583333333333;0.76353125;0.767541666666667;0.768833333333333;0.767694444444444;0.76353125;0.755191666666667
80;Pushkin;2003;10659;P·EP 27;14.05.2003;26.05.2003;17.07.2003;12;52;163.8;790.1;13.65;15.1942307692308;21.8;13.08;13.47;14.3933333333333;13.32;13.3866666666667;13.2275;13564;14.3833333333333;0.7;31.5;35.5;32.2;36.2;2.41333333333333;1.84;1.63333333333333;1.94;1646;1605;21.8;13.1866666666667;13835;14952;15935;1.38;1.1725;1202;1.56666666666667;0.730833333333333;0.73125;0.761602564102564;0.750666666666667;758;0.762055555555556;0.763427083333333;0.762391666666666
81;Pushkin;2003;10659;P·EP 27;26.05.2003;08.06.2003;18.07.2003;13;40;164.6;644.7;12.6615384615385;16.1175;15.2;15.48;12.64;13.2133333333333;13.16;13.1866666666667;13835;14952;15935;2.9;0.6;0.6;3.5;3.5;0.546666666666667;1165;1.38;1.1725;1202;1.56666666666667;15.2;14.72;16.1175;17284;18.1833333333333;1.43666666666667;1.3175;1762;1.70166666666667;0.764583333333334;0.729583333333333;0.76353125;0.767541666666667;0.768833333333333;0.767694444444444;0.76353125;0.755191666666667
82;Pushkin;2003;10660;P·EP 28;14.05.2003;26.05.2003;14.07.2003;12;49;163.8;722.7;13.65;14.7489795918367;21.8;13.08;13.47;14.3933333333333;13.32;13.3866666666667;13.2275;13564;14.3833333333333;0.7;31.5;35.5;32.2;36.2;2.41333333333333;1.84;1.63333333333333;1.94;1646;1605;21.8;13.1866666666667;13835;14952;15935;1.38;1.1725;1202;1.56666666666667;0.730833333333333;0.7525;0.762593537414966;0.750666666666667;758;0.762055555555556;0.763427083333333;0.762391666666666
83;Pushkin;2003;10660;P·EP 28;26.05.2003;08.06.2003;17.07.2003;13;39;164.6;625.5;12.6615384615385;16.0384615384615;15.2;15.48;12.64;13.2133333333333;13.16;13.1866666666667;13835;14952;15935;2.9;0.6;0.6;3.5;3.5;0.546666666666667;1165;1.38;1.1725;1202;1.56666666666667;15.2;14.72;16.1175;17284;18.1833333333333;1.43666666666667;1.3175;1762;1.70166666666667;0.764583333333334;0.73125;0.764358974358974;0.767541666666667;0.768833333333333;0.767694444444444;0.76353125;0.755191666666667
84;Pushkin;2003;9960;Svetlaya;14.05.2003;26.05.2003;17.07.2003;12;52;163.8;790.1;13.65;15.1942307692308;21.8;13.08;13.47;14.3933333333333;13.32;13.3866666666667;13.2275;13564;14.3833333333333;0.7;31.5;35.5;32.2;36.2;2.41333333333333;1.84;1.63333333333333;1.94;1646;1605;21.8;13.1866666666667;13835;14952;15935;1.38;1.1725;1202;1.56666666666667;0.730833333333333;0.73125;0.761602564102564;0.750666666666667;758;0.762055555555556;0.763427083333333;0.762391666666666
85;Pushkin;2003;9960;Svetlaya;26.05.2003;08.06.2003;20.07.2003;13;42;164.6;685.9;12.6615384615385;16.3309523809524;15.2;15.48;12.64;13.2133333333333;13.16;13.1866666666667;13835;14952;15935;2.9;0.6;0.6;3.5;3.5;0.546666666666667;1165;1.38;1.1725;1202;1.56666666666667;15.2;14.72;16.1175;17284;18.1833333333333;1.43666666666667;1.3175;1762;1.70166666666667;0.764583333333334;0.72625;0.761875;0.767541666666667;0.768833333333333;0.767694444444444;0.76353125;0.755191666666667
86;Pushkin;2004;5830;Fiskeby 1040-4-2;10.05.2004;06.06.2004;18.07.2004;27;42;268;661.7;9.92592592592593;15.7547619047619;16.6;6.96;7.88;8.21333333333333;8.99;10.22;10.9775;12.24;12.8966666666667;0;1;7.5;1;7.5;1.23333333333333;2.13;2.65333333333333;2.6575;2554;2.98166666666667;16.6;15.2433333333333;15.7025;16.49;17.1683333333333;4.14666666666667;3945;4154;3.99333333333333;0.7625;0.729583333333333;0.763501984126984;0.766166666666667;0.7681875;0.767763888888889;0.765072916666667;0.757125
87;Pushkin;2004;5830;Fiskeby 1040-4-2;25.05.2004;05.06.2004;17.07.2004;11;42;126.1;662.8;11.4636363636364;15.7809523809524;18.7;11.32;11.12;12.2266666666667;12.68;13.06;14.2625;14808;15485;11;24.1;34.1;35.1;45.1;4.07333333333333;3.13;3.56333333333333;3.8125;3514;3.93333333333333;18.7;15.4066666666667;15.8;16486;17105;3.93333333333333;3.7625;4.03;3.99333333333333;0.760833333333333;0.73125;0.764206349206349;0.765333333333333;0.76775;0.767680555555555;0.765322916666667;0.757991666666667
88;Pushkin;2004;10539;KG-20;25.05.2004;05.06.2004;17.07.2004;11;42;126.1;662.8;11.4636363636364;15.7809523809524;18.7;11.32;11.12;12.2266666666667;12.68;13.06;14.2625;14808;15485;11;24.1;34.1;35.1;45.1;4.07333333333333;3.13;3.56333333333333;3.8125;3514;3.93333333333333;18.7;15.4066666666667;15.8;16486;17105;3.93333333333333;3.7625;4.03;3.99333333333333;0.760833333333333;0.73125;0.764206349206349;0.765333333333333;0.76775;0.767680555555555;0.765322916666667;0.757991666666667
89;Pushkin;2004;10043;Altom;25.05.2004;05.06.2004;22.07.2004;11;47;126.1;761.6;11.4636363636364;16.2042553191489;18.7;11.32;11.12;12.2266666666667;12.68;13.06;14.2625;14808;15485;11;24.1;34.1;35.1;45.1;4.07333333333333;3.13;3.56333333333333;3.8125;3514;3.93333333333333;18.7;15.4066666666667;15.8;16486;17105;3.93333333333333;3.7625;4.03;3.99333333333333;0.760833333333333;0.722916666666667;0.760345744680851;0.765333333333333;0.76775;0.767680555555555;0.765322916666667;0.757991666666667
90;Pushkin;2004;9959;Okskaya;10.05.2004;06.06.2004;23.07.2004;27;47;268;763.5;9.92592592592593;16.2446808510638;16.6;6.96;7.88;8.21333333333333;8.99;10.22;10.9775;12.24;12.8966666666667;0;1;7.5;1;7.5;1.23333333333333;2.13;2.65333333333333;2.6575;2554;2.98166666666667;16.6;15.2433333333333;15.7025;16.49;17.1683333333333;4.14666666666667;3945;4154;3.99333333333333;0.7625;0.72125;0.759539007092199;0.766166666666667;0.7681875;0.767763888888889;0.765072916666667;0.757125
91;Pushkin;2004;9959;Okskaya;25.05.2004;05.06.2004;17.07.2004;11;42;126.1;662.8;11.4636363636364;15.7809523809524;18.7;11.32;11.12;12.2266666666667;12.68;13.06;14.2625;14808;15485;11;24.1;34.1;35.1;45.1;4.07333333333333;3.13;3.56333333333333;3.8125;3514;3.93333333333333;18.7;15.4066666666667;15.8;16486;17105;3.93333333333333;3.7625;4.03;3.99333333333333;0.760833333333333;0.73125;0.764206349206349;0.765333333333333;0.76775;0.767680555555555;0.765322916666667;0.757991666666667
92;Pushkin;2004;10655;P·EP 18;25.05.2004;05.06.2004;15.07.2004;11;40;126.1;632;11.4636363636364;15.8;18.7;11.32;11.12;12.2266666666667;12.68;13.06;14.2625;14808;15485;11;24.1;34.1;35.1;45.1;4.07333333333333;3.13;3.56333333333333;3.8125;3514;3.93333333333333;18.7;15.4066666666667;15.8;16486;17105;3.93333333333333;3.7625;4.03;3.99333333333333;0.760833333333333;0.750833333333333;0.765322916666667;0.765333333333333;0.76775;0.767680555555555;0.765322916666667;0.757991666666667
93;Pushkin;2004;10651;P·EP 2;25.05.2004;05.06.2004;15.07.2004;11;40;126.1;632;11.4636363636364;15.8;18.7;11.32;11.12;12.2266666666667;12.68;13.06;14.2625;14808;15485;11;24.1;34.1;35.1;45.1;4.07333333333333;3.13;3.56333333333333;3.8125;3514;3.93333333333333;18.7;15.4066666666667;15.8;16486;17105;3.93333333333333;3.7625;4.03;3.99333333333333;0.760833333333333;0.750833333333333;0.765322916666667;0.765333333333333;0.76775;0.767680555555555;0.765322916666667;0.757991666666667
94;Pushkin;2004;10659;P·EP 27;10.05.2004;06.06.2004;15.07.2004;27;39;268;613.3;9.92592592592593;15.725641025641;16.6;6.96;7.88;8.21333333333333;8.99;10.22;10.9775;12.24;12.8966666666667;0;1;7.5;1;7.5;1.23333333333333;2.13;2.65333333333333;2.6575;2554;2.98166666666667;16.6;15.2433333333333;15.7025;16.49;17.1683333333333;4.14666666666667;3945;4154;3.99333333333333;0.7625;0.750833333333333;0.765438034188034;0.766166666666667;0.7681875;0.767763888888889;0.765072916666667;0.757125
95;Pushkin;2004;10659;P·EP 27;25.05.2004;05.06.2004;16.07.2004;11;41;126.1;646.8;11.4636363636364;15.7756097560976;18.7;11.32;11.12;12.2266666666667;12.68;13.06;14.2625;14808;15485;11;24.1;34.1;35.1;45.1;4.07333333333333;3.13;3.56333333333333;3.8125;3514;3.93333333333333;18.7;15.4066666666667;15.8;16486;17105;3.93333333333333;3.7625;4.03;3.99333333333333;0.760833333333333;0.732916666666667;0.764969512195122;0.765333333333333;0.76775;0.767680555555555;0.765322916666667;0.757991666666667
96;Pushkin;2004;10660;P·EP 28;10.05.2004;06.06.2004;18.07.2004;27;42;268;661.7;9.92592592592593;15.7547619047619;16.6;6.96;7.88;8.21333333333333;8.99;10.22;10.9775;12.24;12.8966666666667;0;1;7.5;1;7.5;1.23333333333333;2.13;2.65333333333333;2.6575;2554;2.98166666666667;16.6;15.2433333333333;15.7025;16.49;17.1683333333333;4.14666666666667;3945;4154;3.99333333333333;0.7625;0.729583333333333;0.763501984126984;0.766166666666667;0.7681875;0.767763888888889;0.765072916666667;0.757125
97;Pushkin;2004;10660;P·EP 28;25.05.2004;05.06.2004;15.07.2004;11;40;126.1;632;11.4636363636364;15.8;18.7;11.32;11.12;12.2266666666667;12.68;13.06;14.2625;14808;15485;11;24.1;34.1;35.1;45.1;4.07333333333333;3.13;3.56333333333333;3.8125;3514;3.93333333333333;18.7;15.4066666666667;15.8;16486;17105;3.93333333333333;3.7625;4.03;3.99333333333333;0.760833333333333;0.750833333333333;0.765322916666667;0.765333333333333;0.76775;0.767680555555555;0.765322916666667;0.757991666666667
98;Pushkin;2004;9960;Svetlaya;10.05.2004;06.06.2004;13.07.2004;27;37.5;268;577.5;9.92592592592593;15.4;16.6;6.96;7.88;8.21333333333333;8.99;10.22;10.9775;12.24;12.8966666666667;0;1;7.5;1;7.5;1.23333333333333;2.13;2.65333333333333;2.6575;2554;2.98166666666667;16.6;15.2433333333333;15.7025;16.49;17.1683333333333;4.14666666666667;3945;4154;3.99333333333333;0.7625;0.75375;0.755888888888889;0.766166666666667;0.7681875;0.767763888888889;0.765072916666667;0.757125
99;Pushkin;2004;9960;Svetlaya;25.05.2004;05.06.2004;15.07.2004;11;40;126.1;632;11.4636363636364;15.8;18.7;11.32;11.12;12.2266666666667;12.68;13.06;14.2625;14808;15485;11;24.1;34.1;35.1;45.1;4.07333333333333;3.13;3.56333333333333;3.8125;3514;3.93333333333333;18.7;15.4066666666667;15.8;16486;17105;3.93333333333333;3.7625;4.03;3.99333333333333;0.760833333333333;0.750833333333333;0.765322916666667;0.765333333333333;0.76775;0.767680555555555;0.765322916666667;0.757991666666667
100;Pushkin;2005;5830;Fiskeby 1040-4-2;10.05.2005;23.05.2005;06.07.2005;13;44;151;705.1;11.6153846153846;16025;18.6;8.6;10.61;12.9;13.39;13.3766666666667;14.2975;14708;15.21;18.3;20.7;37.3;39;55.6;2.48666666666667;2085;2.82333333333333;2.82;2994;2.51166666666667;18.6;15.37;15.7275;16582;17.5283333333333;2.53;2.81;2268;2.45;0.725416666666667;0.7625;0.760965909090909;0.74125;0.751895833333334;0.757736111111111;0.760583333333333;0.760808333333333
101;Pushkin;2005;5830;Fiskeby 1040-4-2;25.05.2005;06.06.2005;13.07.2005;12;37;163.6;646.4;13.6333333333333;17.4702702702703;15.4;14.86;13.22;13.8533333333333;14785;15.2166666666667;15.5175;16.67;17.4216666666667;0;4.4;21.4;4.4;21.4;3.16;3.44;2.53;2.81;2282;2.93666666666667;15.4;16.6333333333333;17.91;18406;18.4833333333333;2.85333333333333;2.2525;3264;3.07666666666667;0.7625;0.75375;0.766103603603603;0.766166666666667;0.7681875;0.767763888888889;0.765072916666667;0.757125
102;Pushkin;2005;10539;KG-20;25.05.2005;06.06.2005;13.07.2005;12;37;163.6;646.4;13.6333333333333;17.4702702702703;15.4;14.86;13.22;13.8533333333333;14785;15.2166666666667;15.5175;16.67;17.4216666666667;0;4.4;21.4;4.4;21.4;3.16;3.44;2.53;2.81;2282;2.93666666666667;15.4;16.6333333333333;17.91;18406;18.4833333333333;2.85333333333333;2.2525;3264;3.07666666666667;0.7625;0.75375;0.766103603603603;0.766166666666667;0.7681875;0.767763888888889;0.765072916666667;0.757125
103;Pushkin;2005;10043;Altom;25.05.2005;06.06.2005;12.07.2005;12;36;163.6;623;13.6333333333333;17.3055555555556;15.4;14.86;13.22;13.8533333333333;14785;15.2166666666667;15.5175;16.67;17.4216666666667;0;4.4;21.4;4.4;21.4;3.16;3.44;2.53;2.81;2282;2.93666666666667;15.4;16.6333333333333;17.91;18406;18.4833333333333;2.85333333333333;2.2525;3264;3.07666666666667;0.7625;755;0.766412037037037;0.766166666666667;0.7681875;0.767763888888889;0.765072916666667;0.757125
104;Pushkin;2005;9959;Okskaya;10.05.2005;23.05.2005;06.07.2005;13;44.5;151;705.1;11.6153846153846;15.8449438202247;18.6;8.6;10.61;12.9;13.39;13.3766666666667;14.2975;14708;15.21;18.3;20.7;37.3;39;55.6;2.48666666666667;2085;2.82333333333333;2.82;2994;2.51166666666667;18.6;15.37;15.7275;16582;17.5283333333333;2.53;2.81;2268;2.45;0.725416666666667;0.7625;0.752415730337079;0.74125;0.751895833333334;0.757736111111111;0.760583333333333;0.760808333333333
105;Pushkin;2005;9959;Okskaya;25.05.2005;06.06.2005;16.07.2005;12;40;163.6;716.4;13.6333333333333;17.91;15.4;14.86;13.22;13.8533333333333;14785;15.2166666666667;15.5175;16.67;17.4216666666667;0;4.4;21.4;4.4;21.4;3.16;3.44;2.53;2.81;2282;2.93666666666667;15.4;16.6333333333333;17.91;18406;18.4833333333333;2.85333333333333;2.2525;3264;3.07666666666667;0.7625;0.732916666666667;0.765072916666667;0.766166666666667;0.7681875;0.767763888888889;0.765072916666667;0.757125
106;Pushkin;2005;10655;P·EP 18;25.05.2005;06.06.2005;11.07.2005;12;35;163.6;597.8;13.6333333333333;17.08;15.4;14.86;13.22;13.8533333333333;14785;15.2166666666667;15.5175;16.67;17.4216666666667;0;4.4;21.4;4.4;21.4;3.16;3.44;2.53;2.81;2282;2.93666666666667;15.4;16.6333333333333;17.91;18406;18.4833333333333;2.85333333333333;2.2525;3264;3.07666666666667;0.7625;0.756666666666667;0.766690476190476;0.766166666666667;0.7681875;0.767763888888889;0.765072916666667;0.757125
107;Pushkin;2005;10651;P·EP 2;25.05.2005;06.06.2005;11.07.2005;12;35;163.6;597.8;13.6333333333333;17.08;15.4;14.86;13.22;13.8533333333333;14785;15.2166666666667;15.5175;16.67;17.4216666666667;0;4.4;21.4;4.4;21.4;3.16;3.44;2.53;2.81;2282;2.93666666666667;15.4;16.6333333333333;17.91;18406;18.4833333333333;2.85333333333333;2.2525;3264;3.07666666666667;0.7625;0.756666666666667;0.766690476190476;0.766166666666667;0.7681875;0.767763888888889;0.765072916666667;0.757125
108;Pushkin;2005;10659;P·EP 27;10.05.2005;23.05.2005;04.07.2005;13;42;151;663.2;11.6153846153846;15.7904761904762;18.6;8.6;10.61;12.9;13.39;13.3766666666667;14.2975;14708;15.21;18.3;20.7;37.3;39;55.6;2.48666666666667;2085;2.82333333333333;2.82;2994;2.51166666666667;18.6;15.37;15.7275;16582;17.5283333333333;2.53;2.81;2268;2.45;0.725416666666667;0.764166666666667;0.760833333333333;0.74125;0.751895833333334;0.757736111111111;0.760583333333333;0.760808333333333
109;Pushkin;2005;10659;P·EP 27;25.05.2005;06.06.2005;11.07.2005;12;35.5;163.6;597.8;13.6333333333333;16.8394366197183;15.4;14.86;13.22;13.8533333333333;14785;15.2166666666667;15.5175;16.67;17.4216666666667;0;4.4;21.4;4.4;21.4;3.16;3.44;2.53;2.81;2282;2.93666666666667;15.4;16.6333333333333;17.91;18406;18.4833333333333;2.85333333333333;2.2525;3264;3.07666666666667;0.7625;0.756666666666667;0.755892018779343;0.766166666666667;0.7681875;0.767763888888889;0.765072916666667;0.757125
110;Pushkin;2005;10660;P·EP 28;10.05.2005;23.05.2005;05.07.2005;13;43.5;151;685.2;11.6153846153846;15.751724137931;18.6;8.6;10.61;12.9;13.39;13.3766666666667;14.2975;14708;15.21;18.3;20.7;37.3;39;55.6;2.48666666666667;2085;2.82333333333333;2.82;2994;2.51166666666667;18.6;15.37;15.7275;16582;17.5283333333333;2.53;2.81;2268;2.45;0.725416666666667;0.763333333333333;0.752164750957854;0.74125;0.751895833333334;0.757736111111111;0.760583333333333;0.760808333333333
111;Pushkin;2005;10660;P·EP 28;25.05.2005;06.06.2005;09.07.2005;12;33;163.6;555.5;13.6333333333333;16.8333333333333;15.4;14.86;13.22;13.8533333333333;14785;15.2166666666667;15.5175;16.67;17.4216666666667;0;4.4;21.4;4.4;21.4;3.16;3.44;2.53;2.81;2282;2.93666666666667;15.4;16.6333333333333;17.91;18406;18.4833333333333;2.85333333333333;2.2525;3264;3.07666666666667;0.7625;0.759166666666667;0.767184343434343;0.766166666666667;0.7681875;0.767763888888889;0.765072916666667;0.757125
112;Pushkin;2005;9960;Svetlaya;10.05.2005;23.05.2005;05.07.2005;13;43.5;151;685.2;11.6153846153846;15.751724137931;18.6;8.6;10.61;12.9;13.39;13.3766666666667;14.2975;14708;15.21;18.3;20.7;37.3;39;55.6;2.48666666666667;2085;2.82333333333333;2.82;2994;2.51166666666667;18.6;15.37;15.7275;16582;17.5283333333333;2.53;2.81;2268;2.45;0.725416666666667;0.763333333333333;0.752164750957854;0.74125;0.751895833333334;0.757736111111111;0.760583333333333;0.760808333333333
113;Pushkin;2005;9960;Svetlaya;25.05.2005;06.06.2005;12.07.2005;12;36;163.6;623;13.6333333333333;17.3055555555556;15.4;14.86;13.22;13.8533333333333;14785;15.2166666666667;15.5175;16.67;17.4216666666667;0;4.4;21.4;4.4;21.4;3.16;3.44;2.53;2.81;2282;2.93666666666667;15.4;16.6333333333333;17.91;18406;18.4833333333333;2.85333333333333;2.2525;3264;3.07666666666667;0.7625;755;0.766412037037037;0.766166666666667;0.7681875;0.767763888888889;0.765072916666667;0.757125
114;Pushkin;2006;5830;Fiskeby 1040-4-2;10.05.2006;26.05.2006;04.07.2006;16;39.5;193.5;660;12.09375;16.7088607594937;11.2;13.46;11.11;12.08;11.91;12.0066666666667;13.57;15256;16.0966666666667;0;1.4;16.9;1.4;16.9;1.76666666666667;2.11;2.76333333333333;2.14;2.14;1.81833333333333;11.2;16.35;17.07;18488;18.2083333333333;2.42;2035;1746;1945;0.730833333333333;0.764166666666667;0.753744725738397;0.750666666666667;758;0.762055555555556;0.763427083333333;0.762391666666666
115;Pushkin;2006;5830;Fiskeby 1040-4-2;25.05.2006;09.06.2006;12.07.2006;15;33;179;684.9;11.9333333333333;20.7545454545455;13.7;11.4;12.17;11.9333333333333;13125;16.1933333333333;16.8075;18.28;18.08;9.6;15.7;51.7;25.3;61.3;3.76;2.82;2.26666666666667;2065;1696;1965;13.7;20.1866666666667;20.56;19876;19.3466666666667;0.873333333333333;1365;1.23;1.19333333333333;0.765416666666667;755;0.766679292929293;0.768083333333333;0.769020833333333;0.767555555555555;0.76265625;0.754133333333333
116;Pushkin;2006;10539;KG-20;25.05.2006;09.06.2006;13.07.2006;15;34;179;709.6;11.9333333333333;20.8705882352941;13.7;11.4;12.17;11.9333333333333;13125;16.1933333333333;16.8075;18.28;18.08;9.6;15.7;51.7;25.3;61.3;3.76;2.82;2.26666666666667;2065;1696;1965;13.7;20.1866666666667;20.56;19876;19.3466666666667;0.873333333333333;1365;1.23;1.19333333333333;0.765416666666667;0.75375;0.766335784313725;0.768083333333333;0.769020833333333;0.767555555555555;0.76265625;0.754133333333333
117;Pushkin;2006;10043;Altom;25.05.2006;09.06.2006;20.07.2006;15;41;179;837.5;11.9333333333333;20.4268292682927;13.7;11.4;12.17;11.9333333333333;13125;16.1933333333333;16.8075;18.28;18.08;9.6;15.7;51.7;25.3;61.3;3.76;2.82;2.26666666666667;2065;1696;1965;13.7;20.1866666666667;20.56;19876;19.3466666666667;0.873333333333333;1365;1.23;1.19333333333333;0.765416666666667;0.72625;0.761808943089431;0.768083333333333;0.769020833333333;0.767555555555555;0.76265625;0.754133333333333
118;Pushkin;2006;9959;Okskaya;10.05.2006;26.05.2006;08.07.2006;16;43.5;193.5;744.5;12.09375;17.1149425287356;11.2;13.46;11.11;12.08;11.91;12.0066666666667;13.57;15256;16.0966666666667;0;1.4;16.9;1.4;16.9;1.76666666666667;2.11;2.76333333333333;2.14;2.14;1.81833333333333;11.2;16.35;17.07;18488;18.2083333333333;2.42;2035;1746;1945;0.730833333333333;0.760416666666667;0.754578544061302;0.750666666666667;758;0.762055555555556;0.763427083333333;0.762391666666666
119;Pushkin;2006;9959;Okskaya;25.05.2006;09.06.2006;16.07.2006;15;37;179;777.6;11.9333333333333;21.0162162162162;13.7;11.4;12.17;11.9333333333333;13125;16.1933333333333;16.8075;18.28;18.08;9.6;15.7;51.7;25.3;61.3;3.76;2.82;2.26666666666667;2065;1696;1965;13.7;20.1866666666667;20.56;19876;19.3466666666667;0.873333333333333;1365;1.23;1.19333333333333;0.765416666666667;0.732916666666667;0.765202702702703;0.768083333333333;0.769020833333333;0.767555555555555;0.76265625;0.754133333333333
120;Pushkin;2006;10655;P·EP 18;25.05.2006;09.06.2006;11.07.2006;15;32;179;660.7;11.9333333333333;20.646875;13.7;11.4;12.17;11.9333333333333;13125;16.1933333333333;16.8075;18.28;18.08;9.6;15.7;51.7;25.3;61.3;3.76;2.82;2.26666666666667;2065;1696;1965;13.7;20.1866666666667;20.56;19876;19.3466666666667;0.873333333333333;1365;1.23;1.19333333333333;0.765416666666667;0.756666666666667;0.7669921875;0.768083333333333;0.769020833333333;0.767555555555555;0.76265625;0.754133333333333
121;Pushkin;2006;10651;P·EP 2;25.05.2006;09.06.2006;11.07.2006;15;32.5;179;660.7;11.9333333333333;20.3292307692308;13.7;11.4;12.17;11.9333333333333;13125;16.1933333333333;16.8075;18.28;18.08;9.6;15.7;51.7;25.3;61.3;3.76;2.82;2.26666666666667;2065;1696;1965;13.7;20.1866666666667;20.56;19876;19.3466666666667;0.873333333333333;1365;1.23;1.19333333333333;0.765416666666667;0.756666666666667;0.755192307692308;0.768083333333333;0.769020833333333;0.767555555555555;0.76265625;0.754133333333333
122;Pushkin;2006;10659;P·EP 27;10.05.2006;26.05.2006;06.07.2006;16;41;193.5;702.7;12.09375;17.1390243902439;11.2;13.46;11.11;12.08;11.91;12.0066666666667;13.57;15256;16.0966666666667;0;1.4;16.9;1.4;16.9;1.76666666666667;2.11;2.76333333333333;2.14;2.14;1.81833333333333;11.2;16.35;17.07;18488;18.2083333333333;2.42;2035;1746;1945;0.730833333333333;0.7625;0.763424796747967;0.750666666666667;758;0.762055555555556;0.763427083333333;0.762391666666666
123;Pushkin;2006;10659;P·EP 27;25.05.2006;09.06.2006;09.07.2006;15;30.5;179;605.6;11.9333333333333;19.855737704918;13.7;11.4;12.17;11.9333333333333;13125;16.1933333333333;16.8075;18.28;18.08;9.6;15.7;51.7;25.3;61.3;3.76;2.82;2.26666666666667;2065;1696;1965;13.7;20.1866666666667;20.56;19876;19.3466666666667;0.873333333333333;1365;1.23;1.19333333333333;0.765416666666667;0.759166666666667;0.754972677595628;0.768083333333333;0.769020833333333;0.767555555555555;0.76265625;0.754133333333333
124;Pushkin;2006;10660;P·EP 28;10.05.2006;26.05.2006;05.07.2006;16;40;193.5;682.8;12.09375;17.07;11.2;13.46;11.11;12.08;11.91;12.0066666666667;13.57;15256;16.0966666666667;0;1.4;16.9;1.4;16.9;1.76666666666667;2.11;2.76333333333333;2.14;2.14;1.81833333333333;11.2;16.35;17.07;18488;18.2083333333333;2.42;2035;1746;1945;0.730833333333333;0.763333333333333;0.763427083333333;0.750666666666667;758;0.762055555555556;0.763427083333333;0.762391666666666
125;Pushkin;2006;10660;P·EP 28;25.05.2006;09.06.2006;09.07.2006;15;30.5;179;605.6;11.9333333333333;19.855737704918;13.7;11.4;12.17;11.9333333333333;13125;16.1933333333333;16.8075;18.28;18.08;9.6;15.7;51.7;25.3;61.3;3.76;2.82;2.26666666666667;2065;1696;1965;13.7;20.1866666666667;20.56;19876;19.3466666666667;0.873333333333333;1365;1.23;1.19333333333333;0.765416666666667;0.759166666666667;0.754972677595628;0.768083333333333;0.769020833333333;0.767555555555555;0.76265625;0.754133333333333
126;Pushkin;2006;9960;Svetlaya;10.05.2006;26.05.2006;06.07.2006;16;41;193.5;702.7;12.09375;17.1390243902439;11.2;13.46;11.11;12.08;11.91;12.0066666666667;13.57;15256;16.0966666666667;0;1.4;16.9;1.4;16.9;1.76666666666667;2.11;2.76333333333333;2.14;2.14;1.81833333333333;11.2;16.35;17.07;18488;18.2083333333333;2.42;2035;1746;1945;0.730833333333333;0.7625;0.763424796747967;0.750666666666667;758;0.762055555555556;0.763427083333333;0.762391666666666
127;Pushkin;2006;9960;Svetlaya;25.05.2006;09.06.2006;13.07.2006;15;34.5;179;709.6;11.9333333333333;20.568115942029;13.7;11.4;12.17;11.9333333333333;13125;16.1933333333333;16.8075;18.28;18.08;9.6;15.7;51.7;25.3;61.3;3.76;2.82;2.26666666666667;2065;1696;1965;13.7;20.1866666666667;20.56;19876;19.3466666666667;0.873333333333333;1365;1.23;1.19333333333333;0.765416666666667;0.75375;0.755229468599034;0.768083333333333;0.769020833333333;0.767555555555555;0.76265625;0.754133333333333
128;Pushkin;2007;5830;Fiskeby 1040-4-2;20.05.2007;31.05.2007;13.07.2007;11;43;192.3;717.6;17.4818181818182;16.6883720930233;16.9;14.68;17.44;16.62;17.01;16.7533333333333;16345;16716;17005;7.3;17.4;38.6;24.7;45.9;2.66666666666667;2;2.40666666666667;2.46;2302;2.29;16.9;15.8933333333333;16565;16.93;17.0783333333333;2.02;1.92;1.98;1.81;755;0.75375;0.764980620155039;0.760416666666667;0.7645;0.76625;0.765614583333333;0.761458333333333
129;Pushkin;2007;10539;KG-20;20.05.2007;31.05.2007;24.07.2007;11;54;192.3;914.1;17.4818181818182;16.9277777777778;16.9;14.68;17.44;16.62;17.01;16.7533333333333;16345;16716;17005;7.3;17.4;38.6;24.7;45.9;2.66666666666667;2;2.40666666666667;2.46;2302;2.29;16.9;15.8933333333333;16565;16.93;17.0783333333333;2.02;1.92;1.98;1.81;755;0.719166666666667;0.75866512345679;0.760416666666667;0.7645;0.76625;0.765614583333333;0.761458333333333
130;Pushkin;2007;10043;Altom;20.05.2007;28.05.2007;13.07.2007;8;46;127.5;782.4;15.9375;17.0086956521739;23.2;14.68;17.44;16.62;17.01;16.7533333333333;16345;16716;17005;7.3;17.4;38.6;24.7;45.9;2.66666666666667;2;2.40666666666667;2.46;2302;2.29;23.2;16.4933333333333;16.8475;17052;17.2683333333333;1.95333333333333;1.9175;2052;1.74666666666667;0.750833333333333;0.75375;0.764130434782609;0.756666666666667;0.761770833333333;0.764583333333333;0.764989583333333;0.7628
131;Pushkin;2007;9959;Okskaya;20.05.2007;29.05.2007;13.07.2007;9;45;150.7;759.2;16.7444444444444;16.8711111111111;23.7;14.68;17.44;16.62;17.01;16.7533333333333;16345;16716;17005;7.3;17.4;38.6;24.7;45.9;2.66666666666667;2;2.40666666666667;2.46;2302;2.29;23.7;16.2333333333333;16.7;16988;17.2133333333333;1.99333333333333;1.88;1976;1.68333333333333;0.751666666666667;0.75375;0.764425925925926;0.757916666666667;0.762729166666667;0.765194444444444;0.76525;0.762408333333333
132;Pushkin;2007;10655;P·EP 18;20.05.2007;29.05.2007;09.07.2007;9;41;150.7;685.1;16.7444444444444;16.709756097561;23.7;14.68;17.44;16.62;17.01;16.7533333333333;16345;16716;17005;7.3;17.4;38.6;24.7;45.9;2.66666666666667;2;2.40666666666667;2.46;2302;2.29;23.7;16.2333333333333;16.7;16988;17.2133333333333;1.99333333333333;1.88;1976;1.68333333333333;0.751666666666667;0.759166666666667;0.765132113821138;0.757916666666667;0.762729166666667;0.765194444444444;0.76525;0.762408333333333
133;Pushkin;2007;10651;P·EP 2;20.05.2007;29.05.2007;09.07.2007;9;41;150.7;685.1;16.7444444444444;16.709756097561;23.7;14.68;17.44;16.62;17.01;16.7533333333333;16345;16716;17005;7.3;17.4;38.6;24.7;45.9;2.66666666666667;2;2.40666666666667;2.46;2302;2.29;23.7;16.2333333333333;16.7;16988;17.2133333333333;1.99333333333333;1.88;1976;1.68333333333333;0.751666666666667;0.759166666666667;0.765132113821138;0.757916666666667;0.762729166666667;0.765194444444444;0.76525;0.762408333333333
134;Pushkin;2007;10659;P·EP 27;20.05.2007;31.05.2007;13.07.2007;11;43;192.3;717.6;17.4818181818182;16.6883720930233;16.9;14.68;17.44;16.62;17.01;16.7533333333333;16345;16716;17005;7.3;17.4;38.6;24.7;45.9;2.66666666666667;2;2.40666666666667;2.46;2302;2.29;16.9;15.8933333333333;16565;16.93;17.0783333333333;2.02;1.92;1.98;1.81;755;0.75375;0.764980620155039;0.760416666666667;0.7645;0.76625;0.765614583333333;0.761458333333333
135;Pushkin;2007;10660;P·EP 28;20.05.2007;01.06.2007;06.07.2007;12;35;209.2;573.8;17.4333333333333;16.3942857142857;12.1;14.68;17.44;16.62;17.01;16.7533333333333;16345;16716;17005;7.3;17.4;38.6;24.7;45.9;2.66666666666667;2;2.40666666666667;2.46;2302;2.29;12.1;15.9166666666667;16.5575;16918;17.0816666666667;2.03;1.9325;1986;1.81;0.75625;0.7625;0.766464285714286;0.7615;0.765270833333333;0.766666666666667;0.7656875;0.760883333333333
136;Pushkin;2007;9960;Svetlaya;20.05.2007;28.05.2007;06.07.2007;8;39;127.5;655.5;15.9375;16.8076923076923;23.2;14.68;17.44;16.62;17.01;16.7533333333333;16345;16716;17005;7.3;17.4;38.6;24.7;45.9;2.66666666666667;2;2.40666666666667;2.46;2302;2.29;23.2;16.4933333333333;16.8475;17052;17.2683333333333;1.95333333333333;1.9175;2052;1.74666666666667;0.750833333333333;0.7625;0.765053418803419;0.756666666666667;0.761770833333333;0.764583333333333;0.764989583333333;0.7628
137;Pushkin;2008;5830;Fiskeby 1040-4-2;25.05.2008;08.06.2008;29.07.2008;14;51;182.9;845.5;13.0642857142857;16.578431372549;12.7;12.46;12.84;13.04;12.97;14.03;14755;15234;15.6666666666667;0;0;8.1;0;8.1;0.606666666666667;1355;1.50333333333333;1735;1522;2.07333333333333;12.7;15.7966666666667;16375;16622;16.1183333333333;2.04333333333333;2.2475;2326;2.23833333333333;0.764583333333334;0.709583333333333;0.754338235294118;0.767541666666667;0.768833333333333;0.767694444444444;0.76353125;0.755191666666667
138;Pushkin;2008;10539;KG-20;25.05.2008;12.06.2008;15.08.2008;18;64;234.1;1053.8;13.0055555555556;16.465625;12.7;12.46;12.84;13.04;12.97;14.03;14755;15234;15.6666666666667;0;0;8.1;0;8.1;0.606666666666667;1355;1.50333333333333;1735;1522;2.07333333333333;12.7;16.31;16.7525;16.77;16.3216666666667;1.54333333333333;2.4575;2.01;1.95833333333333;0.7675;0.64125;0.732545572916667;0.769416666666667;0.769270833333333;0.76675;0.759677083333333;0.749975
139;Pushkin;2008;10043;Altom;25.05.2008;12.06.2008;06.08.2008;18;55;234.1;904.1;13.0055555555556;16.4381818181818;12.7;12.46;12.84;13.04;12.97;14.03;14755;15234;15.6666666666667;0;0;8.1;0;8.1;0.606666666666667;1355;1.50333333333333;1735;1522;2.07333333333333;12.7;16.31;16.7525;16.77;16.3216666666667;1.54333333333333;2.4575;2.01;1.95833333333333;0.7675;0.677083333333333;0.743901515151515;0.769416666666667;0.769270833333333;0.76675;0.759677083333333;0.749975
140;Pushkin;2008;9959;Okskaya;25.05.2008;08.06.2008;06.08.2008;14;59;182.9;955.3;13.0642857142857;16.1915254237288;12.7;12.46;12.84;13.04;12.97;14.03;14755;15234;15.6666666666667;0;0;8.1;0;8.1;0.606666666666667;1355;1.50333333333333;1735;1522;2.07333333333333;12.7;15.7966666666667;16375;16622;16.1183333333333;2.04333333333333;2.2475;2326;2.23833333333333;0.764583333333334;0.677083333333333;0.745374293785311;0.767541666666667;0.768833333333333;0.767694444444444;0.76353125;0.755191666666667
141;Pushkin;2008;10655;P·EP 18;25.05.2008;12.06.2008;25.07.2008;18;43;234.1;724.3;13.0055555555556;16.8441860465116;12.7;12.46;12.84;13.04;12.97;14.03;14755;15234;15.6666666666667;0;0;8.1;0;8.1;0.606666666666667;1355;1.50333333333333;1735;1522;2.07333333333333;12.7;16.31;16.7525;16.77;16.3216666666667;1.54333333333333;2.4575;2.01;1.95833333333333;0.7675;0.7175;0.756986434108527;0.769416666666667;0.769270833333333;0.76675;0.759677083333333;0.749975
142;Pushkin;2008;10651;P·EP 2;25.05.2008;06.06.2008;18.07.2008;12;42;159.4;678.5;13.2833333333333;16.1547619047619;15.2;12.46;12.84;13.04;12.97;14.03;14755;15234;15.6666666666667;0;0;8.1;0;8.1;0.606666666666667;1355;1.50333333333333;1735;1522;2.07333333333333;15.2;15.58;16025;16348;16.1016666666667;2.04333333333333;2.18;2326;2.23833333333333;0.7625;0.729583333333333;0.763501984126984;0.766166666666667;0.7681875;0.767763888888889;0.765072916666667;0.757125
143;Pushkin;2008;10659;P·EP 27;25.05.2008;12.06.2008;25.07.2008;18;43;234.1;724.3;13.0055555555556;16.8441860465116;12.7;12.46;12.84;13.04;12.97;14.03;14755;15234;15.6666666666667;0;0;8.1;0;8.1;0.606666666666667;1355;1.50333333333333;1735;1522;2.07333333333333;12.7;16.31;16.7525;16.77;16.3216666666667;1.54333333333333;2.4575;2.01;1.95833333333333;0.7675;0.7175;0.756986434108527;0.769416666666667;0.769270833333333;0.76675;0.759677083333333;0.749975
144;Pushkin;2008;10660;P·EP 28;25.05.2008;12.06.2008;25.07.2008;18;43;234.1;724.3;13.0055555555556;16.8441860465116;12.7;12.46;12.84;13.04;12.97;14.03;14755;15234;15.6666666666667;0;0;8.1;0;8.1;0.606666666666667;1355;1.50333333333333;1735;1522;2.07333333333333;12.7;16.31;16.7525;16.77;16.3216666666667;1.54333333333333;2.4575;2.01;1.95833333333333;0.7675;0.7175;0.756986434108527;0.769416666666667;0.769270833333333;0.76675;0.759677083333333;0.749975
145;Pushkin;2008;9960;Svetlaya;25.05.2008;08.06.2008;18.07.2008;14;40;182.9;655;13.0642857142857;16375;12.7;12.46;12.84;13.04;12.97;14.03;14755;15234;15.6666666666667;0;0;8.1;0;8.1;0.606666666666667;1355;1.50333333333333;1735;1522;2.07333333333333;12.7;15.7966666666667;16375;16622;16.1183333333333;2.04333333333333;2.2475;2326;2.23833333333333;0.764583333333334;0.729583333333333;0.76353125;0.767541666666667;0.768833333333333;0.767694444444444;0.76353125;0.755191666666667
146;Pushkin;2010;5830;Fiskeby 1040-4-2;24.05.2010;04.06.2010;14.07.2010;11;40;131.2;697.533333333333;11.9272727272727;17.4383333333333;15.3666666666667;10.5933333333333;11.7633333333333;12.2866666666667;12735;13.3122222222222;14505;16.0806666666667;17.3616666666667;0;29.3;39.5;29.3;39.5;2.73333333333333;3.75;4.08666666666667;4615;3.83;3.28666666666667;15.3666666666667;15.5766666666667;17.4383333333333;18.6593333333333;19.5394444444445;4.83666666666667;3.8;3154;2.87666666666667;0.76;0.7525;0.765510416666667;0.764458333333333;0.767229166666666;0.767541666666667;0.765510416666667;0.758808333333334
147;Pushkin;2010;10539;KG-20;24.05.2010;05.06.2010;22.07.2010;12;47;146.566666666667;869.566666666667;12.2138888888889;18.5014184397163;11.9333333333333;10.5933333333333;11.7633333333333;12.2866666666667;12735;13.3122222222222;14505;16.0806666666667;17.3616666666667;0;29.3;39.5;29.3;39.5;2.73333333333333;3.75;4.08666666666667;4615;3.83;3.28666666666667;11.9333333333333;15.7044444444444;17.6883333333333;18794;19.6544444444445;4.83666666666667;3.8;3378;2.87666666666667;0.760833333333333;0.722916666666667;0.760345744680851;0.765333333333333;0.76775;0.767680555555555;0.765322916666667;0.757991666666667
148;Pushkin;2010;10043;Altom;24.05.2010;04.06.2010;16.07.2010;11;42;131.2;749.2;11.9272727272727;17.8380952380952;15.3666666666667;10.5933333333333;11.7633333333333;12.2866666666667;12735;13.3122222222222;14505;16.0806666666667;17.3616666666667;0;29.3;39.5;29.3;39.5;2.73333333333333;3.75;4.08666666666667;4615;3.83;3.28666666666667;15.3666666666667;15.5766666666667;17.4383333333333;18.6593333333333;19.5394444444445;4.83666666666667;3.8;3154;2.87666666666667;0.76;0.732916666666667;0.764851190476191;0.764458333333333;0.767229166666666;0.767541666666667;0.765510416666667;0.758808333333334
149;Pushkin;2010;9959;Okskaya;24.05.2010;04.06.2010;14.07.2010;11;40;131.2;697.533333333333;11.9272727272727;17.4383333333333;15.3666666666667;10.5933333333333;11.7633333333333;12.2866666666667;12735;13.3122222222222;14505;16.0806666666667;17.3616666666667;0;29.3;39.5;29.3;39.5;2.73333333333333;3.75;4.08666666666667;4615;3.83;3.28666666666667;15.3666666666667;15.5766666666667;17.4383333333333;18.6593333333333;19.5394444444445;4.83666666666667;3.8;3154;2.87666666666667;0.76;0.7525;0.765510416666667;0.764458333333333;0.767229166666666;0.767541666666667;0.765510416666667;0.758808333333334
150;Pushkin;2010;10655;P·EP 18;24.05.2010;05.06.2010;10.07.2010;12;35;146.566666666667;586.466666666667;12.2138888888889;16.7561904761905;11.9333333333333;10.5933333333333;11.7633333333333;12.2866666666667;12735;13.3122222222222;14505;16.0806666666667;17.3616666666667;0;29.3;39.5;29.3;39.5;2.73333333333333;3.75;4.08666666666667;4615;3.83;3.28666666666667;11.9333333333333;15.7044444444444;17.6883333333333;18794;19.6544444444445;4.83666666666667;3.8;3378;2.87666666666667;0.760833333333333;0.757916666666667;0.766773809523809;0.765333333333333;0.76775;0.767680555555555;0.765322916666667;0.757991666666667
151;Pushkin;2010;10651;P·EP 2;24.05.2010;05.06.2010;11.07.2010;12;36;146.566666666667;608.466666666667;12.2138888888889;16.9018518518519;11.9333333333333;10.5933333333333;11.7633333333333;12.2866666666667;12735;13.3122222222222;14505;16.0806666666667;17.3616666666667;0;29.3;39.5;29.3;39.5;2.73333333333333;3.75;4.08666666666667;4615;3.83;3.28666666666667;11.9333333333333;15.7044444444444;17.6883333333333;18794;19.6544444444445;4.83666666666667;3.8;3378;2.87666666666667;0.760833333333333;0.756666666666667;0.766527777777778;0.765333333333333;0.76775;0.767680555555555;0.765322916666667;0.757991666666667
152;Pushkin;2010;10659;P·EP 27;24.05.2010;04.06.2010;13.07.2010;11;39;131.2;672.833333333333;11.9272727272727;17.2521367521368;15.3666666666667;10.5933333333333;11.7633333333333;12.2866666666667;12735;13.3122222222222;14505;16.0806666666667;17.3616666666667;0;29.3;39.5;29.3;39.5;2.73333333333333;3.75;4.08666666666667;4615;3.83;3.28666666666667;15.3666666666667;15.5766666666667;17.4383333333333;18.6593333333333;19.5394444444445;4.83666666666667;3.8;3154;2.87666666666667;0.76;0.75375;0.765811965811966;0.764458333333333;0.767229166666666;0.767541666666667;0.765510416666667;0.758808333333334
153;Pushkin;2010;10660;P·EP 28;24.05.2010;05.06.2010;10.07.2010;12;35;146.566666666667;586.466666666667;12.2138888888889;16.7561904761905;11.9333333333333;10.5933333333333;11.7633333333333;12.2866666666667;12735;13.3122222222222;14505;16.0806666666667;17.3616666666667;0;29.3;39.5;29.3;39.5;2.73333333333333;3.75;4.08666666666667;4615;3.83;3.28666666666667;11.9333333333333;15.7044444444444;17.6883333333333;18794;19.6544444444445;4.83666666666667;3.8;3378;2.87666666666667;0.760833333333333;0.757916666666667;0.766773809523809;0.765333333333333;0.76775;0.767680555555555;0.765322916666667;0.757991666666667
154;Pushkin;2010;9960;Svetlaya;24.05.2010;04.06.2010;11.07.2010;11;37;131.2;623.833333333333;11.9272727272727;16.8603603603604;15.3666666666667;10.5933333333333;11.7633333333333;12.2866666666667;12735;13.3122222222222;14505;16.0806666666667;17.3616666666667;0;29.3;39.5;29.3;39.5;2.73333333333333;3.75;4.08666666666667;4615;3.83;3.28666666666667;15.3666666666667;15.5766666666667;17.4383333333333;18.6593333333333;19.5394444444445;4.83666666666667;3.8;3154;2.87666666666667;0.76;0.756666666666667;0.766351351351351;0.764458333333333;0.767229166666666;0.767541666666667;0.765510416666667;0.758808333333334