,kubanloc,god,Kat.No,Name,Data.poseva,data.vskhodov,Data.tsveteniya,Posev.vskhody,Vskhody.tsveteniye,Summa.temperatur.posev..vskhody,Summa.temperatur.vskhody.tsv,T·sr.p.v,T·sr.v.ts,Tposeva,T·sr5dneyposleposeva,T·sr1d0neyposleposeva,T·sr15dneyposleposeva,T·sr20dneyposleposeva,T·sr30dneyposleposeva,T·sr40dneyposleposeva,T·sr50dneyposleposeva,T·sr60dneyposleposeva,srOs5sut.do.poseva,srOs5sutposle.poseva,srOs10sutposleposeva,srOs5do5posle,srOs5do.10posle,sr.os15sut.posle.poseva,sr.os20sut.posle.poseva,sr.os30sut.posle.poseva,sr.os40sut.posle.poseva,sr.os50sut.posle.poseva,sr.os60sut.posle.poseva,Tvskhodov,T·sr30dneyposlevskhodov,T·sr40dneyposlevskhodov,T·sr50dneyposlevskhodov,T·sr60dneyposlevskhodov,sr.os30sut.posle.vskh,sr.os40sut.posle.vskh,sr.os50sut.posle.vskh,sr.os60sut.posle.vskh,Dlina_dnya_vskhody,Dlina_dnya_tsveteniye,Srednyaya.Dlina_dnya_v_ts,srednyaya_Dlina_dnya_10dney.posle.vskhodov,sr_Dlina_dnya_20dney.posle.vskhodov,sr_Dlina_dnya_30dney.posle.vskhodov,sr_Dlina_dnya_40dney.posle.vskhodov,sr_Dlina_dnya_50dney.posle.vskhodov
1,Kuban,2004,5830,Fiskeby 1040-4-2,2004.05.07,2004.05.17,2004.06.22,10.0,36.0,151.5,594.5,15.15,16.51,15.8,16.94,15.15,14.13,14.89,15.08,15.57,1.69,17.15,20.7,23.68,21.39,22.4,21.41,20.18,21.57,21.06,21.62,22.74,23.32,13.9,15.71,16.94,17.54,18.26,21.7,23.08,23.71,24.71,0.62,0.65,0.64,0.63,0.64,0.64,0.64,0.64
2,Kuban,2005,5830,Fiskeby 1040-4-2,2005.05.13,2005.05.21,2005.06.14,8.0,24.0,134.3,515.5,16.79,21.48,17.3,15.52,18.07,19.39,20.43,20.31,20.04,1.55,20.74,22.72,20.98,24.32,22.3,23.59,25.77,27.02,26.82,26.21,26.28,27.13,22.9,21.09,20.57,21.22,21.62,27.29,26.82,27.58,28.0,0.63,0.65,0.64,0.63,0.64,0.64,0.65,0.65
3,Kuban,2004,9959,Okskaya,2004.05.07,2004.05.17,2004.06.21,10.0,35.0,151.5,571.4,15.15,16.33,15.8,16.94,15.15,14.13,14.89,15.08,15.57,1.69,17.15,20.7,23.68,21.39,22.4,21.41,20.18,21.57,21.06,21.62,22.74,23.32,13.9,15.71,16.94,17.54,18.26,21.7,23.08,23.71,24.71,0.62,0.65,0.64,0.63,0.64,0.64,0.64,0.64
4,Kuban,2005,9959,Okskaya,2005.05.13,2005.05.21,2005.06.14,8.0,24.0,134.3,515.5,16.79,21.48,17.3,15.52,18.07,19.39,20.43,20.31,20.04,1.55,20.74,22.72,20.98,24.32,22.3,23.59,25.77,27.02,26.82,26.21,26.28,27.13,22.9,21.09,20.57,21.22,21.62,27.29,26.82,27.58,28.0,0.63,0.65,0.64,0.63,0.64,0.64,0.65,0.65
5,Kuban,2004,9960,Svetlaya,2004.05.07,2004.05.17,2004.06.21,10.0,35.0,151.5,571.4,15.15,16.33,15.8,16.94,15.15,14.13,14.89,15.08,15.57,1.69,17.15,20.7,23.68,21.39,22.4,21.41,20.18,21.57,21.06,21.62,22.74,23.32,13.9,15.71,16.94,17.54,18.26,21.7,23.08,23.71,24.71,0.62,0.65,0.64,0.63,0.64,0.64,0.64,0.64
6,Kuban,2005,9960,Svetlaya,2005.05.13,2005.05.21,2005.06.14,8.0,24.0,134.3,515.5,16.79,21.48,17.3,15.52,18.07,19.39,20.43,20.31,20.04,1.55,20.74,22.72,20.98,24.32,22.3,23.59,25.77,27.02,26.82,26.21,26.28,27.13,22.9,21.09,20.57,21.22,21.62,27.29,26.82,27.58,28.0,0.63,0.65,0.64,0.63,0.64,0.64,0.65,0.65
7,Kuban,2004,10043,Altom,2004.05.07,2004.05.17,2004.06.25,10.0,39.0,151.5,658.2,15.15,16.88,15.8,16.94,15.15,14.13,14.89,15.08,15.57,1.69,17.15,20.7,23.68,21.39,22.4,21.41,20.18,21.57,21.06,21.62,22.74,23.32,13.9,15.71,16.94,17.54,18.26,21.7,23.08,23.71,24.71,0.62,0.65,0.64,0.63,0.64,0.64,0.64,0.64
8,Kuban,2005,10043,Altom,2005.05.13,2005.05.21,2005.06.20,8.0,30.0,134.3,632.7,16.79,21.09,17.3,15.52,18.07,19.39,20.43,20.31,20.04,1.55,20.74,22.72,20.98,24.32,22.3,23.59,25.77,27.02,26.82,26.21,26.28,27.13,22.9,21.09,20.57,21.22,21.62,27.29,26.82,27.58,28.0,0.63,0.65,0.64,0.63,0.64,0.64,0.65,0.65
9,Kuban,2004,10539,KG-20,2004.05.07,2004.05.17,2004.06.22,10.0,36.0,151.5,594.5,15.15,16.51,15.8,16.94,15.15,14.13,14.89,15.08,15.57,1.69,17.15,20.7,23.68,21.39,22.4,21.41,20.18,21.57,21.06,21.62,22.74,23.32,13.9,15.71,16.94,17.54,18.26,21.7,23.08,23.71,24.71,0.62,0.65,0.64,0.63,0.64,0.64,0.64,0.64
10,Kuban,2005,10539,KG-20,2005.05.13,2005.05.21,2005.06.14,8.0,24.0,134.3,515.5,16.79,21.48,17.3,15.52,18.07,19.39,20.43,20.31,20.04,1.55,20.74,22.72,20.98,24.32,22.3,23.59,25.77,27.02,26.82,26.21,26.28,27.13,22.9,21.09,20.57,21.22,21.62,27.29,26.82,27.58,28.0,0.63,0.65,0.64,0.63,0.64,0.64,0.65,0.65
11,Kuban,2004,10651,P·EP 2,2004.05.07,2004.05.17,2004.06.19,10.0,33.0,151.5,530.3,15.15,16.07,15.8,16.94,15.15,14.13,14.89,15.08,15.57,1.69,17.15,20.7,23.68,21.39,22.4,21.41,20.18,21.57,21.06,21.62,22.74,23.32,13.9,15.71,16.94,17.54,18.26,21.7,23.08,23.71,24.71,0.62,0.65,0.64,0.63,0.64,0.64,0.64,0.64
12,Kuban,2005,10651,P·EP 2,2005.05.13,2005.05.21,2005.06.14,8.0,24.0,134.3,515.5,16.79,21.48,17.3,15.52,18.07,19.39,20.43,20.31,20.04,1.55,20.74,22.72,20.98,24.32,22.3,23.59,25.77,27.02,26.82,26.21,26.28,27.13,22.9,21.09,20.57,21.22,21.62,27.29,26.82,27.58,28.0,0.63,0.65,0.64,0.63,0.64,0.64,0.65,0.65
13,Kuban,2004,10655,P·EP 18,2004.05.07,2004.05.17,2004.06.21,10.0,35.0,151.5,571.4,15.15,16.33,15.8,16.94,15.15,14.13,14.89,15.08,15.57,1.69,17.15,20.7,23.68,21.39,22.4,21.41,20.18,21.57,21.06,21.62,22.74,23.32,13.9,15.71,16.94,17.54,18.26,21.7,23.08,23.71,24.71,0.62,0.65,0.64,0.63,0.64,0.64,0.64,0.64
14,Kuban,2005,10655,P·EP 18,2005.05.13,2005.05.21,2005.06.14,8.0,24.0,134.3,515.5,16.79,21.48,17.3,15.52,18.07,19.39,20.43,20.31,20.04,1.55,20.74,22.72,20.98,24.32,22.3,23.59,25.77,27.02,26.82,26.21,26.28,27.13,22.9,21.09,20.57,21.22,21.62,27.29,26.82,27.58,28.0,0.63,0.65,0.64,0.63,0.64,0.64,0.65,0.65
15,Kuban,2004,10659,P·EP 27,2004.05.07,2004.05.17,2004.06.23,10.0,37.0,151.5,616.8,15.15,16.67,15.8,16.94,15.15,14.13,14.89,15.08,15.57,1.69,17.15,20.7,23.68,21.39,22.4,21.41,20.18,21.57,21.06,21.62,22.74,23.32,13.9,15.71,16.94,17.54,18.26,21.7,23.08,23.71,24.71,0.62,0.65,0.64,0.63,0.64,0.64,0.64,0.64
16,Kuban,2005,10659,P·EP 27,2005.05.13,2005.05.21,2005.06.14,8.0,24.0,134.3,515.5,16.79,21.48,17.3,15.52,18.07,19.39,20.43,20.31,20.04,1.55,20.74,22.72,20.98,24.32,22.3,23.59,25.77,27.02,26.82,26.21,26.28,27.13,22.9,21.09,20.57,21.22,21.62,27.29,26.82,27.58,28.0,0.63,0.65,0.64,0.63,0.64,0.64,0.65,0.65
17,Kuban,2004,10660,P·EP 28,2004.05.07,2004.05.17,2004.06.23,10.0,37.0,151.5,616.8,15.15,16.67,15.8,16.94,15.15,14.13,14.89,15.08,15.57,1.69,17.15,20.7,23.68,21.39,22.4,21.41,20.18,21.57,21.06,21.62,22.74,23.32,13.9,15.71,16.94,17.54,18.26,21.7,23.08,23.71,24.71,0.62,0.65,0.64,0.63,0.64,0.64,0.64,0.64
18,Kuban,2005,10660,P·EP 28,2005.05.13,2005.05.21,2005.06.14,8.0,24.0,134.3,515.5,16.79,21.48,17.3,15.52,18.07,19.39,20.43,20.31,20.04,1.55,20.74,22.72,20.98,24.32,22.3,23.59,25.77,27.02,26.82,26.21,26.28,27.13,22.9,21.09,20.57,21.22,21.62,27.29,26.82,27.58,28.0,0.63,0.65,0.64,0.63,0.64,0.64,0.65,0.65
19,Pushkin,1999,5830,Fiskeby 1040-4-2,1999.05.28,1999.06.08,1999.07.02,11.0,24.0,173.3,517.3,15.7545454545455,21.5541666666667,17.8,13.02,14.98,16.46,17.67,19.1733333333333,19.72,20.23,20.126666666666697,16.1,0.8,13.0,16.9,29.1,1.10666666666667,0.83,1.52333333333333,1.2925,1.12,1.14666666666667,17.8,21.213333333333303,21.4,21032.0,20.606666666666698,1.35,1145.0,1116.0,1.02,0.7645833333333342,0.76625,0.768663194444444,0.767541666666667,0.768833333333333,0.767694444444444,0.76353125,0.755191666666667
20,Pushkin,1999,10539,KG-20,1999.05.28,1999.06.08,1999.07.02,11.0,24.0,173.3,517.3,15.7545454545455,21.5541666666667,17.8,13.02,14.98,16.46,17.67,19.1733333333333,19.72,20.23,20.126666666666697,16.1,0.8,13.0,16.9,29.1,1.10666666666667,0.83,1.52333333333333,1.2925,1.12,1.14666666666667,17.8,21.213333333333303,21.4,21032.0,20.606666666666698,1.35,1145.0,1116.0,1.02,0.7645833333333342,0.76625,0.768663194444444,0.767541666666667,0.768833333333333,0.767694444444444,0.76353125,0.755191666666667
21,Pushkin,1999,9959,Okskaya,1999.05.28,1999.06.08,1999.07.05,11.0,27.0,173.3,577.0,15.7545454545455,21.3703703703704,17.8,13.02,14.98,16.46,17.67,19.1733333333333,19.72,20.23,20.126666666666697,16.1,0.8,13.0,16.9,29.1,1.10666666666667,0.83,1.52333333333333,1.2925,1.12,1.14666666666667,17.8,21.213333333333303,21.4,21032.0,20.606666666666698,1.35,1145.0,1116.0,1.02,0.7645833333333342,0.763333333333333,0.768287037037037,0.767541666666667,0.768833333333333,0.767694444444444,0.76353125,0.755191666666667
22,Pushkin,1999,10655,P·EP 18,1999.05.14,1999.05.24,1999.06.26,10.0,33.0,97.8,611.1,9.78,18.5181818181818,15.3,6.5,9.78,11.413333333333302,11.97,14.1966666666667,15965.0,17436.0,17.836666666666698,0.0,0.0,6.0,0.0,6.0,1.18666666666667,0.89,1.12,1535.0,1288.0,1175.0,15.3,18.0266666666667,19.35,19448.0,19.926666666666698,1.8466666666666698,1.46,1.29,1.1683333333333301,0.7275,0.769583333333333,0.760239898989899,0.744458333333333,754.0,0.75925,0.761604166666667,0.7614
23,Pushkin,1999,10651,P·EP 2,1999.05.14,1999.05.24,1999.06.26,10.0,33.0,97.8,611.1,9.78,18.5181818181818,15.3,6.5,9.78,11.413333333333302,11.97,14.1966666666667,15965.0,17436.0,17.836666666666698,0.0,0.0,6.0,0.0,6.0,1.18666666666667,0.89,1.12,1535.0,1288.0,1175.0,15.3,18.0266666666667,19.35,19448.0,19.926666666666698,1.8466666666666698,1.46,1.29,1.1683333333333301,0.7275,0.769583333333333,0.760239898989899,0.744458333333333,754.0,0.75925,0.761604166666667,0.7614
24,Pushkin,1999,10659,P·EP 27,1999.05.14,1999.05.24,1999.06.26,10.0,33.0,97.8,611.1,9.78,18.5181818181818,15.3,6.5,9.78,11.413333333333302,11.97,14.1966666666667,15965.0,17436.0,17.836666666666698,0.0,0.0,6.0,0.0,6.0,1.18666666666667,0.89,1.12,1535.0,1288.0,1175.0,15.3,18.0266666666667,19.35,19448.0,19.926666666666698,1.8466666666666698,1.46,1.29,1.1683333333333301,0.7275,0.769583333333333,0.760239898989899,0.744458333333333,754.0,0.75925,0.761604166666667,0.7614
25,Pushkin,1999,10660,P·EP 28,1999.05.14,1999.05.24,1999.06.26,10.0,33.0,97.8,611.1,9.78,18.5181818181818,15.3,6.5,9.78,11.413333333333302,11.97,14.1966666666667,15965.0,17436.0,17.836666666666698,0.0,0.0,6.0,0.0,6.0,1.18666666666667,0.89,1.12,1535.0,1288.0,1175.0,15.3,18.0266666666667,19.35,19448.0,19.926666666666698,1.8466666666666698,1.46,1.29,1.1683333333333301,0.7275,0.769583333333333,0.760239898989899,0.744458333333333,754.0,0.75925,0.761604166666667,0.7614
26,Pushkin,1999,9960,Svetlaya,1999.05.28,1999.06.08,1999.07.07,11.0,29.0,173.3,615.5,15.7545454545455,21.2241379310345,17.8,13.02,14.98,16.46,17.67,19.1733333333333,19.72,20.23,20.126666666666697,16.1,0.8,13.0,16.9,29.1,1.10666666666667,0.83,1.52333333333333,1.2925,1.12,1.14666666666667,17.8,21.213333333333303,21.4,21032.0,20.606666666666698,1.35,1145.0,1116.0,1.02,0.7645833333333342,0.76125,0.767916666666667,0.767541666666667,0.768833333333333,0.767694444444444,0.76353125,0.755191666666667
27,Pushkin,2000,5830,Fiskeby 1040-4-2,2000.05.26,2000.06.05,2000.07.18,10.0,43.0,144.3,717.4,14.43,16.6837209302326,11.5,16.0,14.43,13.533333333333301,14325.0,14.89,15585.0,16.1,16.6733333333333,1.9,8.2,19.6,10.1,21.5,2.24,2.05,1.48,2945.0,3396.0,3915.0,11.5,15.97,16.5175,17122.0,17035.0,3.2733333333333303,3755.0,4306.0,3625.0,0.760833333333333,0.729583333333333,0.76343992248062,0.765333333333333,0.76775,0.767680555555555,0.765322916666667,0.7579916666666671
28,Pushkin,2000,10539,KG-20,2000.05.16,2000.05.29,2000.07.17,13.0,49.0,176.2,797.6,13.5538461538462,16.2775510204082,21.7,11.4,13.13,14.086666666666698,13.78,13.926666666666698,14.45,15094.0,15605.0,8.5,0.0,1.9,8.5,10.4,0.673333333333333,1075.0,1.43,1.1575,2394.0,2.86166666666667,21.7,15.3033333333333,15.9075,16336.0,16765.0,2.1733333333333302,2.96,4002.0,3.90333333333333,0.751666666666667,0.73125,0.763044217687075,0.757916666666667,0.762729166666667,0.7651944444444441,0.76525,0.762408333333333
29,Pushkin,2000,10539,KG-20,2000.05.26,2000.06.08,2000.07.20,13.0,42.0,178.6,722.5,13.738461538461499,17.202380952381002,11.8,16.0,14.43,13.533333333333301,14325.0,14.89,15585.0,16.1,16.6733333333333,1.9,8.2,19.6,10.1,21.5,2.24,2.05,1.48,2945.0,3396.0,3915.0,11.8,16.753333333333302,17.0775,17444.0,17.288333333333302,3.33666666666667,4545.0,4318.0,3.59833333333333,0.7645833333333342,0.72625,0.761875,0.767541666666667,0.768833333333333,0.767694444444444,0.76353125,0.755191666666667
30,Pushkin,2000,10043,Altom,2000.05.26,2000.06.05,2000.07.20,10.0,45.0,144.3,756.8,14.43,16.8177777777778,11.5,16.0,14.43,13.533333333333301,14325.0,14.89,15585.0,16.1,16.6733333333333,1.9,8.2,19.6,10.1,21.5,2.24,2.05,1.48,2945.0,3396.0,3915.0,11.5,15.97,16.5175,17122.0,17035.0,3.2733333333333303,3755.0,4306.0,3625.0,0.760833333333333,0.72625,0.7618981481481479,0.765333333333333,0.76775,0.767680555555555,0.765322916666667,0.7579916666666671
31,Pushkin,2000,9959,Okskaya,2000.05.16,2000.06.05,2000.07.20,20.0,45.0,275.6,756.8,13.78,16.8177777777778,11.5,11.4,13.13,14.086666666666698,13.78,13.926666666666698,14.45,15094.0,15605.0,8.5,0.0,1.9,8.5,10.4,0.673333333333333,1075.0,1.43,1.1575,2394.0,2.86166666666667,11.5,15.97,16.5175,17122.0,17035.0,3.2733333333333303,3755.0,4306.0,3625.0,0.760833333333333,0.72625,0.7618981481481479,0.765333333333333,0.76775,0.767680555555555,0.765322916666667,0.7579916666666671
32,Pushkin,2000,9959,Okskaya,2000.05.26,2000.06.10,2000.07.30,15.0,50.0,203.0,875.7,13.533333333333301,17514.0,14.3,16.0,14.43,13.533333333333301,14325.0,14.89,15585.0,16.1,16.6733333333333,1.9,8.2,19.6,10.1,21.5,2.24,2.05,1.48,2945.0,3396.0,3915.0,14.3,17.126666666666697,17.4525,17514.0,17.4016666666667,2.9966666666666697,4.3375,4.07,3.39666666666667,0.765833333333333,0.69125,0.753016666666667,0.768583333333333,0.7691666666666658,0.7673472222222221,0.76171875,0.753016666666667
33,Pushkin,2000,10655,P·EP 18,2000.05.16,2000.06.02,2000.07.14,17.0,42.0,236.1,683.4,13.888235294117598,16.2714285714286,15.1,11.4,13.13,14.086666666666698,13.78,13.926666666666698,14.45,15094.0,15605.0,8.5,0.0,1.9,8.5,10.4,0.673333333333333,1075.0,1.43,1.1575,2394.0,2.86166666666667,15.1,15.686666666666698,16115.0,16716.0,16.818333333333303,2.33,2.75,3.79,3.65833333333333,0.7575,0.7525,0.76515873015873,0.762541666666667,0.765979166666667,0.7670277777777779,0.765697916666667,0.76025
34,Pushkin,2000,10655,P·EP 18,2000.05.26,2000.06.12,2000.07.20,17.0,38.0,237.7,663.4,13.9823529411765,17.4578947368421,15.9,16.0,14.43,13.533333333333301,14325.0,14.89,15585.0,16.1,16.6733333333333,1.9,8.2,19.6,10.1,21.5,2.24,2.05,1.48,2945.0,3396.0,3915.0,15.9,17.056666666666697,17.5725,17524.0,17.2783333333333,3.13333333333333,4.3375,4.07,3.48166666666667,0.7675,0.72625,0.7614802631578951,0.769416666666667,0.769270833333333,0.76675,0.759677083333333,0.749975
35,Pushkin,2000,10651,P·EP 2,2000.05.16,2000.05.29,2000.07.14,13.0,46.0,176.2,743.3,13.5538461538462,16.1586956521739,21.7,11.4,13.13,14.086666666666698,13.78,13.926666666666698,14.45,15094.0,15605.0,8.5,0.0,1.9,8.5,10.4,0.673333333333333,1075.0,1.43,1.1575,2394.0,2.86166666666667,21.7,15.3033333333333,15.9075,16336.0,16765.0,2.1733333333333302,2.96,4002.0,3.90333333333333,0.751666666666667,0.7525,0.76419384057971,0.757916666666667,0.762729166666667,0.7651944444444441,0.76525,0.762408333333333
36,Pushkin,2000,10651,P·EP 2,2000.05.26,2000.06.08,2000.07.20,13.0,42.0,178.6,722.5,13.738461538461499,17.202380952381002,11.8,16.0,14.43,13.533333333333301,14325.0,14.89,15585.0,16.1,16.6733333333333,1.9,8.2,19.6,10.1,21.5,2.24,2.05,1.48,2945.0,3396.0,3915.0,11.8,16.753333333333302,17.0775,17444.0,17.288333333333302,3.33666666666667,4545.0,4318.0,3.59833333333333,0.7645833333333342,0.72625,0.761875,0.767541666666667,0.768833333333333,0.767694444444444,0.76353125,0.755191666666667
37,Pushkin,2000,10659,P·EP 27,2000.05.16,2000.06.02,2000.07.16,17.0,44.0,236.1,721.6,13.888235294117598,16.4,15.1,11.4,13.13,14.086666666666698,13.78,13.926666666666698,14.45,15094.0,15605.0,8.5,0.0,1.9,8.5,10.4,0.673333333333333,1075.0,1.43,1.1575,2394.0,2.86166666666667,15.1,15.686666666666698,16115.0,16716.0,16.818333333333303,2.33,2.75,3.79,3.65833333333333,0.7575,0.732916666666667,0.7645454545454541,0.762541666666667,0.765979166666667,0.7670277777777779,0.765697916666667,0.76025
38,Pushkin,2000,10659,P·EP 27,2000.05.26,2000.06.07,2000.07.19,12.5,41.5,167.4,694.3,13392.0,16.7301204819277,11.2,16.0,14.43,13.533333333333301,14325.0,14.89,15585.0,16.1,16.6733333333333,1.9,8.2,19.6,10.1,21.5,2.24,2.05,1.48,2945.0,3396.0,3915.0,11.2,16.4766666666667,16.8775,17418.0,17.1883333333333,3.39,4.4675,4.35,3625.0,0.763333333333333,0.727916666666667,0.754327309236948,0.766875,0.7685416666666658,0.7677638888888891,0.764333333333333,0.7561833333333342
39,Pushkin,2000,10660,P·EP 28,2000.05.16,2000.06.02,2000.07.14,17.0,42.0,236.1,683.4,13.888235294117598,16.2714285714286,15.1,11.4,13.13,14.086666666666698,13.78,13.926666666666698,14.45,15094.0,15605.0,8.5,0.0,1.9,8.5,10.4,0.673333333333333,1075.0,1.43,1.1575,2394.0,2.86166666666667,15.1,15.686666666666698,16115.0,16716.0,16.818333333333303,2.33,2.75,3.79,3.65833333333333,0.7575,0.7525,0.76515873015873,0.762541666666667,0.765979166666667,0.7670277777777779,0.765697916666667,0.76025
40,Pushkin,2000,10660,P·EP 28,2000.05.26,2000.06.10,2000.07.18,15.0,38.0,203.0,658.7,13.533333333333301,17.3342105263158,14.3,16.0,14.43,13.533333333333301,14325.0,14.89,15585.0,16.1,16.6733333333333,1.9,8.2,19.6,10.1,21.5,2.24,2.05,1.48,2945.0,3396.0,3915.0,14.3,17.126666666666697,17.4525,17514.0,17.4016666666667,2.9966666666666697,4.3375,4.07,3.39666666666667,0.765833333333333,0.729583333333333,0.763453947368421,0.768583333333333,0.7691666666666658,0.7673472222222221,0.76171875,0.753016666666667
41,Pushkin,2000,9960,Svetlaya,2000.05.26,2000.06.05,2000.07.17,10.0,42.0,144.3,698.2,14.43,16.6238095238095,11.5,16.0,14.43,13.533333333333301,14325.0,14.89,15585.0,16.1,16.6733333333333,1.9,8.2,19.6,10.1,21.5,2.24,2.05,1.48,2945.0,3396.0,3915.0,11.5,15.97,16.5175,17122.0,17035.0,3.2733333333333303,3755.0,4306.0,3625.0,0.760833333333333,0.73125,0.7642063492063491,0.765333333333333,0.76775,0.767680555555555,0.765322916666667,0.7579916666666671
42,Pushkin,2001,5830,Fiskeby 1040-4-2,2001.05.25,2001.06.08,2001.07.15,14.0,37.0,148.0,654.2,10.5714285714286,17.681081081081103,4.3,16.0,8.7,15.5111111111111,11515.0,13.0266666666667,14.38,15678.0,16.9333333333333,5.6,6.65,1.41,18.25,30.4,2.2466666666666697,3415.0,2.76333333333333,2.21,1.87,2.6883333333333304,17.8333333333333,17.17,18.15,19168.0,18.7816666666667,2.35,3.1175,2896.0,2.66,0.7645833333333342,0.750833333333333,0.7655743243243242,0.767541666666667,0.768833333333333,0.767694444444444,0.76353125,0.755191666666667
43,Pushkin,2001,10539,KG-20,2001.05.25,2001.06.13,2001.07.15,19.0,32.0,220.7,581.5,11.615789473684199,18.171875,4.3,16.0,8.7,15.5111111111111,11515.0,13.0266666666667,14.38,15678.0,16.9333333333333,5.6,6.65,1.41,18.25,30.4,2.2466666666666697,3415.0,2.76333333333333,2.21,1.87,2.6883333333333304,17.8333333333333,18.19,19.3325,19566.0,19.0783333333333,0.96,2.5125,2198.0,2.39666666666667,0.767916666666667,0.750833333333333,0.7655078125,0.76975,0.7692083333333329,0.766333333333333,0.7585625,0.7483666666666671
44,Pushkin,2001,10043,Altom,2001.05.25,2001.06.10,2001.07.15,16.0,35.0,181.9,620.3,11.36875,17.7228571428571,4.3,16.0,8.7,15.5111111111111,11515.0,13.0266666666667,14.38,15678.0,16.9333333333333,5.6,6.65,1.41,18.25,30.4,2.2466666666666697,3415.0,2.76333333333333,2.21,1.87,2.6883333333333304,17.8333333333333,17.4366666666667,18.5925,19308.0,18.81,1.46666666666667,2.7875,2366.0,2.25666666666667,0.765833333333333,0.750833333333333,0.7656071428571429,0.768583333333333,0.7691666666666658,0.7673472222222221,0.76171875,0.753016666666667
45,Pushkin,2001,9959,Okskaya,2001.05.25,2001.06.10,2001.07.17,16.0,37.0,181.9,666.9,11.36875,18.0243243243243,4.3,16.0,8.7,15.5111111111111,11515.0,13.0266666666667,14.38,15678.0,16.9333333333333,5.6,6.65,1.41,18.25,30.4,2.2466666666666697,3415.0,2.76333333333333,2.21,1.87,2.6883333333333304,17.8333333333333,17.4366666666667,18.5925,19308.0,18.81,1.46666666666667,2.7875,2366.0,2.25666666666667,0.765833333333333,0.73125,0.7643243243243242,0.768583333333333,0.7691666666666658,0.7673472222222221,0.76171875,0.753016666666667
46,Pushkin,2001,10655,P·EP 18,2001.05.25,2001.06.08,2001.07.10,14.0,32.0,148.0,557.0,10.5714285714286,17.40625,4.3,16.0,8.7,15.5111111111111,11515.0,13.0266666666667,14.38,15678.0,16.9333333333333,5.6,6.65,1.41,18.25,30.4,2.2466666666666697,3415.0,2.76333333333333,2.21,1.87,2.6883333333333304,17.8333333333333,17.17,18.15,19168.0,18.7816666666667,2.35,3.1175,2896.0,2.66,0.7645833333333342,0.757916666666667,0.767200520833333,0.767541666666667,0.768833333333333,0.767694444444444,0.76353125,0.755191666666667
48,Pushkin,2001,10659,P·EP 27,2001.05.25,2001.06.08,2001.07.10,14.0,32.0,148.0,557.0,10.5714285714286,17.40625,4.3,16.0,8.7,15.5111111111111,11515.0,13.0266666666667,14.38,15678.0,16.9333333333333,5.6,6.65,1.41,18.25,30.4,2.2466666666666697,3415.0,2.76333333333333,2.21,1.87,2.6883333333333304,17.8333333333333,17.17,18.15,19168.0,18.7816666666667,2.35,3.1175,2896.0,2.66,0.7645833333333342,0.757916666666667,0.767200520833333,0.767541666666667,0.768833333333333,0.767694444444444,0.76353125,0.755191666666667
49,Pushkin,2001,10660,P·EP 28,2001.05.25,2001.06.10,2001.07.10,16.0,30.0,181.9,523.1,11.36875,17.4366666666667,4.3,16.0,8.7,15.5111111111111,11515.0,13.0266666666667,14.38,15678.0,16.9333333333333,5.6,6.65,1.41,18.25,30.4,2.2466666666666697,3415.0,2.76333333333333,2.21,1.87,2.6883333333333304,17.8333333333333,17.4366666666667,18.5925,19308.0,18.81,1.46666666666667,2.7875,2366.0,2.25666666666667,0.765833333333333,0.757916666666667,0.7673472222222221,0.768583333333333,0.7691666666666658,0.7673472222222221,0.76171875,0.753016666666667
50,Pushkin,2001,9960,Svetlaya,2001.05.25,2001.06.08,2001.07.15,14.0,37.0,148.0,654.2,10.5714285714286,17.681081081081103,4.3,16.0,8.7,15.5111111111111,11515.0,13.0266666666667,14.38,15678.0,16.9333333333333,5.6,6.65,1.41,18.25,30.4,2.2466666666666697,3415.0,2.76333333333333,2.21,1.87,2.6883333333333304,17.8333333333333,17.17,18.15,19168.0,18.7816666666667,2.35,3.1175,2896.0,2.66,0.7645833333333342,0.750833333333333,0.7655743243243242,0.767541666666667,0.768833333333333,0.767694444444444,0.76353125,0.755191666666667
51,Pushkin,2002,5830,Fiskeby 1040-4-2,2002.05.06,2002.05.29,2002.07.08,23.0,40.0,256.7,684.2,11.1608695652174,17105.0,12.8,12.38,13.9,11.74,11155.0,12.4,13555.0,14.27,14.666666666666698,0.0,0.5,12.0,0.5,12.0,1.6733333333333302,1585.0,1.16,1385.0,1226.0,1345.0,12.8,16.76,17105.0,17.8,18.2583333333333,1.23666666666667,1245.0,1142.0,1.82,0.751666666666667,0.760416666666667,0.76525,0.757916666666667,0.762729166666667,0.7651944444444441,0.76525,0.762408333333333
52,Pushkin,2002,5830,Fiskeby 1040-4-2,2002.05.21,2002.06.03,2002.07.11,13.0,38.0,168.4,655.0,12.9538461538462,17.2368421052632,13.4,9.4,11.19,13.06,13655.0,15.136666666666699,15.37,16026.0,16.966666666666697,13.1,6.6,6.6,19.7,19.7,0.6466666666666671,655.0,1.08333333333333,1.2025,1254.0,1.06166666666667,13.4,16.44,17.5425,18282.0,18.63,1.51333333333333,1.4025,1.69,1.82,0.75875,0.756666666666667,0.7661513157894742,0.763541666666667,0.766645833333333,0.767319444444444,0.765635416666667,0.759558333333333
53,Pushkin,2002,10539,KG-20,2002.05.21,2002.06.03,2002.07.10,13.0,37.0,168.4,632.9,12.9538461538462,17.1054054054054,13.4,9.4,11.19,13.06,13655.0,15.136666666666699,15.37,16026.0,16.966666666666697,13.1,6.6,6.6,19.7,19.7,0.6466666666666671,655.0,1.08333333333333,1.2025,1254.0,1.06166666666667,13.4,16.44,17.5425,18282.0,18.63,1.51333333333333,1.4025,1.69,1.82,0.75875,0.757916666666667,0.7663738738738739,0.763541666666667,0.766645833333333,0.767319444444444,0.765635416666667,0.759558333333333
54,Pushkin,2002,10043,Altom,2002.05.06,2002.05.27,2002.07.12,21.0,46.0,233.8,788.9,11.1333333333333,17.15,11.2,12.38,13.9,11.74,11155.0,12.4,13555.0,14.27,14.666666666666698,0.0,0.5,12.0,0.5,12.0,1.6733333333333302,1585.0,1.16,1385.0,1226.0,1345.0,11.2,16.4866666666667,16745.0,17.49,18.033333333333303,1.07,1.2375,1132.0,1.78666666666667,0.7325,755.0,0.763641304347826,0.753666666666667,0.759916666666667,0.7633472222222221,0.764239583333333,0.7627916666666659
55,Pushkin,2002,10043,Altom,2002.05.21,2002.06.03,2002.07.13,13.0,40.0,168.4,701.7,12.9538461538462,17.5425,13.4,9.4,11.19,13.06,13655.0,15.136666666666699,15.37,16026.0,16.966666666666697,13.1,6.6,6.6,19.7,19.7,0.6466666666666671,655.0,1.08333333333333,1.2025,1254.0,1.06166666666667,13.4,16.44,17.5425,18282.0,18.63,1.51333333333333,1.4025,1.69,1.82,0.75875,0.75375,0.765635416666667,0.763541666666667,0.766645833333333,0.767319444444444,0.765635416666667,0.759558333333333
56,Pushkin,2002,9959,Okskaya,2002.05.06,2002.05.27,2002.07.12,21.0,46.0,233.8,788.9,11.1333333333333,17.15,11.2,12.38,13.9,11.74,11155.0,12.4,13555.0,14.27,14.666666666666698,0.0,0.5,12.0,0.5,12.0,1.6733333333333302,1585.0,1.16,1385.0,1226.0,1345.0,11.2,16.4866666666667,16745.0,17.49,18.033333333333303,1.07,1.2375,1132.0,1.78666666666667,0.7325,755.0,0.763641304347826,0.753666666666667,0.759916666666667,0.7633472222222221,0.764239583333333,0.7627916666666659
57,Pushkin,2002,9959,Okskaya,2002.05.21,2002.06.03,2002.07.12,13.0,39.0,168.4,678.2,12.9538461538462,17.3897435897436,13.4,9.4,11.19,13.06,13655.0,15.136666666666699,15.37,16026.0,16.966666666666697,13.1,6.6,6.6,19.7,19.7,0.6466666666666671,655.0,1.08333333333333,1.2025,1254.0,1.06166666666667,13.4,16.44,17.5425,18282.0,18.63,1.51333333333333,1.4025,1.69,1.82,0.75875,755.0,0.76590811965812,0.763541666666667,0.766645833333333,0.767319444444444,0.765635416666667,0.759558333333333
58,Pushkin,2002,10655,P·EP 18,2002.05.06,2002.05.31,2002.07.05,25.0,35.0,288.0,592.0,11.52,16.9142857142857,18.7,12.38,13.9,11.74,11155.0,12.4,13555.0,14.27,14.666666666666698,0.0,0.5,12.0,0.5,12.0,1.6733333333333302,1585.0,1.16,1385.0,1226.0,1345.0,18.7,16.7633333333333,17235.0,18122.0,18.428333333333303,1.3833333333333302,1.4025,1142.0,1.82,755.0,0.763333333333333,0.76622619047619,0.760416666666667,0.7645,0.76625,0.765614583333333,0.761458333333333
59,Pushkin,2002,10655,P·EP 18,2002.05.21,2002.06.03,2002.07.06,13.0,33.0,168.4,559.1,12.9538461538462,16.9424242424242,13.4,9.4,11.19,13.06,13655.0,15.136666666666699,15.37,16026.0,16.966666666666697,13.1,6.6,6.6,19.7,19.7,0.6466666666666671,655.0,1.08333333333333,1.2025,1254.0,1.06166666666667,13.4,16.44,17.5425,18282.0,18.63,1.51333333333333,1.4025,1.69,1.82,0.75875,0.7625,0.767045454545454,0.763541666666667,0.766645833333333,0.767319444444444,0.765635416666667,0.759558333333333
60,Pushkin,2002,10651,P·EP 2,2002.05.06,2002.05.31,2002.07.05,25.0,35.0,288.0,592.0,11.52,16.9142857142857,18.7,12.38,13.9,11.74,11155.0,12.4,13555.0,14.27,14.666666666666698,0.0,0.5,12.0,0.5,12.0,1.6733333333333302,1585.0,1.16,1385.0,1226.0,1345.0,18.7,16.7633333333333,17235.0,18122.0,18.428333333333303,1.3833333333333302,1.4025,1142.0,1.82,755.0,0.763333333333333,0.76622619047619,0.760416666666667,0.7645,0.76625,0.765614583333333,0.761458333333333
61,Pushkin,2002,10651,P·EP 2,2002.05.21,2002.06.03,2002.07.08,13.0,35.0,168.4,596.4,12.9538461538462,17.04,13.4,9.4,11.19,13.06,13655.0,15.136666666666699,15.37,16026.0,16.966666666666697,13.1,6.6,6.6,19.7,19.7,0.6466666666666671,655.0,1.08333333333333,1.2025,1254.0,1.06166666666667,13.4,16.44,17.5425,18282.0,18.63,1.51333333333333,1.4025,1.69,1.82,0.75875,0.760416666666667,0.76675,0.763541666666667,0.766645833333333,0.767319444444444,0.765635416666667,0.759558333333333
62,Pushkin,2002,10659,P·EP 27,2002.05.06,2002.05.31,2002.07.08,25.0,38.0,288.0,652.9,11.52,17.1815789473684,18.7,12.38,13.9,11.74,11155.0,12.4,13555.0,14.27,14.666666666666698,0.0,0.5,12.0,0.5,12.0,1.6733333333333302,1585.0,1.16,1385.0,1226.0,1345.0,18.7,16.7633333333333,17235.0,18122.0,18.428333333333303,1.3833333333333302,1.4025,1142.0,1.82,755.0,0.760416666666667,0.7659210526315791,0.760416666666667,0.7645,0.76625,0.765614583333333,0.761458333333333
63,Pushkin,2002,10659,P·EP 27,2002.05.21,2002.06.03,2002.07.13,13.0,40.0,168.4,701.7,12.9538461538462,17.5425,13.4,9.4,11.19,13.06,13655.0,15.136666666666699,15.37,16026.0,16.966666666666697,13.1,6.6,6.6,19.7,19.7,0.6466666666666671,655.0,1.08333333333333,1.2025,1254.0,1.06166666666667,13.4,16.44,17.5425,18282.0,18.63,1.51333333333333,1.4025,1.69,1.82,0.75875,0.75375,0.765635416666667,0.763541666666667,0.766645833333333,0.767319444444444,0.765635416666667,0.759558333333333
64,Pushkin,2002,10660,P·EP 28,2002.05.06,2002.05.29,2002.07.03,23.0,35.5,256.7,581.0,11.1608695652174,16.3661971830986,12.8,12.38,13.9,11.74,11155.0,12.4,13555.0,14.27,14.666666666666698,0.0,0.5,12.0,0.5,12.0,1.6733333333333302,1585.0,1.16,1385.0,1226.0,1345.0,12.8,16.76,17105.0,17.8,18.2583333333333,1.23666666666667,1245.0,1142.0,1.82,0.751666666666667,0.765416666666667,0.754741784037559,0.757916666666667,0.762729166666667,0.7651944444444441,0.76525,0.762408333333333
65,Pushkin,2002,10660,P·EP 28,2002.05.21,2002.06.03,2002.07.06,13.0,33.0,168.4,559.1,12.9538461538462,16.9424242424242,13.4,9.4,11.19,13.06,13655.0,15.136666666666699,15.37,16026.0,16.966666666666697,13.1,6.6,6.6,19.7,19.7,0.6466666666666671,655.0,1.08333333333333,1.2025,1254.0,1.06166666666667,13.4,16.44,17.5425,18282.0,18.63,1.51333333333333,1.4025,1.69,1.82,0.75875,0.7625,0.767045454545454,0.763541666666667,0.766645833333333,0.767319444444444,0.765635416666667,0.759558333333333
66,Pushkin,2002,9960,Svetlaya,2002.05.06,2002.05.31,2002.07.06,25.0,36.0,288.0,615.6,11.52,17.1,18.7,12.38,13.9,11.74,11155.0,12.4,13555.0,14.27,14.666666666666698,0.0,0.5,12.0,0.5,12.0,1.6733333333333302,1585.0,1.16,1385.0,1226.0,1345.0,18.7,16.7633333333333,17235.0,18122.0,18.428333333333303,1.3833333333333302,1.4025,1142.0,1.82,755.0,0.7625,0.766145833333333,0.760416666666667,0.7645,0.76625,0.765614583333333,0.761458333333333
67,Pushkin,2002,9960,Svetlaya,2002.05.21,2002.06.03,2002.07.08,13.0,35.0,168.4,596.4,12.9538461538462,17.04,13.4,9.4,11.19,13.06,13655.0,15.136666666666699,15.37,16026.0,16.966666666666697,13.1,6.6,6.6,19.7,19.7,0.6466666666666671,655.0,1.08333333333333,1.2025,1254.0,1.06166666666667,13.4,16.44,17.5425,18282.0,18.63,1.51333333333333,1.4025,1.69,1.82,0.75875,0.760416666666667,0.76675,0.763541666666667,0.766645833333333,0.767319444444444,0.765635416666667,0.759558333333333
68,Pushkin,2003,5830,Fiskeby 1040-4-2,2003.05.14,2003.05.26,2003.07.16,12.0,51.0,163.8,769.5,13.65,15.088235294117698,21.8,13.08,13.47,14.3933333333333,13.32,13.386666666666699,13.2275,13564.0,14.3833333333333,0.7,31.5,35.5,32.2,36.2,2.41333333333333,1.84,1.6333333333333302,1.94,1646.0,1605.0,21.8,13.186666666666698,13835.0,14952.0,15935.0,1.38,1.1725,1202.0,1.5666666666666698,0.730833333333333,0.732916666666667,0.762165032679738,0.750666666666667,758.0,0.7620555555555559,0.763427083333333,0.7623916666666658
69,Pushkin,2003,5830,Fiskeby 1040-4-2,2003.05.26,2003.06.08,2003.07.20,13.0,42.0,164.6,685.9,12.6615384615385,16.3309523809524,15.2,15.48,12.64,13.213333333333301,13.16,13.186666666666698,13835.0,14952.0,15935.0,2.9,0.6,0.6,3.5,3.5,0.5466666666666671,1165.0,1.38,1.1725,1202.0,1.5666666666666698,15.2,14.72,16.1175,17284.0,18.1833333333333,1.4366666666666699,1.3175,1762.0,1.7016666666666698,0.7645833333333342,0.72625,0.761875,0.767541666666667,0.768833333333333,0.767694444444444,0.76353125,0.755191666666667
70,Pushkin,2003,10539,KG-20,2003.05.14,2003.05.26,2003.07.16,12.0,51.0,163.8,769.5,13.65,15.088235294117698,21.8,13.08,13.47,14.3933333333333,13.32,13.386666666666699,13.2275,13564.0,14.3833333333333,0.7,31.5,35.5,32.2,36.2,2.41333333333333,1.84,1.6333333333333302,1.94,1646.0,1605.0,21.8,13.186666666666698,13835.0,14952.0,15935.0,1.38,1.1725,1202.0,1.5666666666666698,0.730833333333333,0.732916666666667,0.762165032679738,0.750666666666667,758.0,0.7620555555555559,0.763427083333333,0.7623916666666658
71,Pushkin,2003,10539,KG-20,2003.05.26,2003.06.08,2003.07.18,13.0,40.0,164.6,644.7,12.6615384615385,16.1175,15.2,15.48,12.64,13.213333333333301,13.16,13.186666666666698,13835.0,14952.0,15935.0,2.9,0.6,0.6,3.5,3.5,0.5466666666666671,1165.0,1.38,1.1725,1202.0,1.5666666666666698,15.2,14.72,16.1175,17284.0,18.1833333333333,1.4366666666666699,1.3175,1762.0,1.7016666666666698,0.7645833333333342,0.729583333333333,0.76353125,0.767541666666667,0.768833333333333,0.767694444444444,0.76353125,0.755191666666667
72,Pushkin,2003,10043,Altom,2003.05.14,2003.05.26,2003.07.20,12.0,55.0,163.8,850.5,13.65,15.4636363636364,21.8,13.08,13.47,14.3933333333333,13.32,13.386666666666699,13.2275,13564.0,14.3833333333333,0.7,31.5,35.5,32.2,36.2,2.41333333333333,1.84,1.6333333333333302,1.94,1646.0,1605.0,21.8,13.186666666666698,13835.0,14952.0,15935.0,1.38,1.1725,1202.0,1.5666666666666698,0.730833333333333,0.72625,0.75985606060606,0.750666666666667,758.0,0.7620555555555559,0.763427083333333,0.7623916666666658
73,Pushkin,2003,10043,Altom,2003.05.26,2003.06.08,2003.07.22,13.0,44.0,164.6,727.2,12.6615384615385,16.5272727272727,15.2,15.48,12.64,13.213333333333301,13.16,13.186666666666698,13835.0,14952.0,15935.0,2.9,0.6,0.6,3.5,3.5,0.5466666666666671,1165.0,1.38,1.1725,1202.0,1.5666666666666698,15.2,14.72,16.1175,17284.0,18.1833333333333,1.4366666666666699,1.3175,1762.0,1.7016666666666698,0.7645833333333342,0.722916666666667,0.760217803030303,0.767541666666667,0.768833333333333,0.767694444444444,0.76353125,0.755191666666667
74,Pushkin,2003,9959,Okskaya,2003.05.14,2003.05.26,2003.07.18,12.0,53.0,163.8,809.3,13.65,15.2698113207547,21.8,13.08,13.47,14.3933333333333,13.32,13.386666666666699,13.2275,13564.0,14.3833333333333,0.7,31.5,35.5,32.2,36.2,2.41333333333333,1.84,1.6333333333333302,1.94,1646.0,1605.0,21.8,13.186666666666698,13835.0,14952.0,15935.0,1.38,1.1725,1202.0,1.5666666666666698,0.730833333333333,0.729583333333333,0.7610298742138359,0.750666666666667,758.0,0.7620555555555559,0.763427083333333,0.7623916666666658
75,Pushkin,2003,9959,Okskaya,2003.05.26,2003.06.08,2003.07.21,13.0,43.0,164.6,706.7,12.6615384615385,16.4348837209302,15.2,15.48,12.64,13.213333333333301,13.16,13.186666666666698,13835.0,14952.0,15935.0,2.9,0.6,0.6,3.5,3.5,0.5466666666666671,1165.0,1.38,1.1725,1202.0,1.5666666666666698,15.2,14.72,16.1175,17284.0,18.1833333333333,1.4366666666666699,1.3175,1762.0,1.7016666666666698,0.7645833333333342,0.724583333333333,0.761046511627907,0.767541666666667,0.768833333333333,0.767694444444444,0.76353125,0.755191666666667
76,Pushkin,2003,10655,P·EP 18,2003.05.14,2003.05.26,2003.07.14,12.0,49.0,163.8,722.7,13.65,14.748979591836697,21.8,13.08,13.47,14.3933333333333,13.32,13.386666666666699,13.2275,13564.0,14.3833333333333,0.7,31.5,35.5,32.2,36.2,2.41333333333333,1.84,1.6333333333333302,1.94,1646.0,1605.0,21.8,13.186666666666698,13835.0,14952.0,15935.0,1.38,1.1725,1202.0,1.5666666666666698,0.730833333333333,0.7525,0.7625935374149659,0.750666666666667,758.0,0.7620555555555559,0.763427083333333,0.7623916666666658
77,Pushkin,2003,10655,P·EP 18,2003.05.26,2003.06.08,2003.07.18,13.0,40.0,164.6,644.7,12.6615384615385,16.1175,15.2,15.48,12.64,13.213333333333301,13.16,13.186666666666698,13835.0,14952.0,15935.0,2.9,0.6,0.6,3.5,3.5,0.5466666666666671,1165.0,1.38,1.1725,1202.0,1.5666666666666698,15.2,14.72,16.1175,17284.0,18.1833333333333,1.4366666666666699,1.3175,1762.0,1.7016666666666698,0.7645833333333342,0.729583333333333,0.76353125,0.767541666666667,0.768833333333333,0.767694444444444,0.76353125,0.755191666666667
78,Pushkin,2003,10651,P·EP 2,2003.05.14,2003.05.26,2003.07.14,12.0,49.0,163.8,722.7,13.65,14.748979591836697,21.8,13.08,13.47,14.3933333333333,13.32,13.386666666666699,13.2275,13564.0,14.3833333333333,0.7,31.5,35.5,32.2,36.2,2.41333333333333,1.84,1.6333333333333302,1.94,1646.0,1605.0,21.8,13.186666666666698,13835.0,14952.0,15935.0,1.38,1.1725,1202.0,1.5666666666666698,0.730833333333333,0.7525,0.7625935374149659,0.750666666666667,758.0,0.7620555555555559,0.763427083333333,0.7623916666666658
79,Pushkin,2003,10651,P·EP 2,2003.05.26,2003.06.08,2003.07.18,13.0,40.0,164.6,644.7,12.6615384615385,16.1175,15.2,15.48,12.64,13.213333333333301,13.16,13.186666666666698,13835.0,14952.0,15935.0,2.9,0.6,0.6,3.5,3.5,0.5466666666666671,1165.0,1.38,1.1725,1202.0,1.5666666666666698,15.2,14.72,16.1175,17284.0,18.1833333333333,1.4366666666666699,1.3175,1762.0,1.7016666666666698,0.7645833333333342,0.729583333333333,0.76353125,0.767541666666667,0.768833333333333,0.767694444444444,0.76353125,0.755191666666667
80,Pushkin,2003,10659,P·EP 27,2003.05.14,2003.05.26,2003.07.17,12.0,52.0,163.8,790.1,13.65,15.1942307692308,21.8,13.08,13.47,14.3933333333333,13.32,13.386666666666699,13.2275,13564.0,14.3833333333333,0.7,31.5,35.5,32.2,36.2,2.41333333333333,1.84,1.6333333333333302,1.94,1646.0,1605.0,21.8,13.186666666666698,13835.0,14952.0,15935.0,1.38,1.1725,1202.0,1.5666666666666698,0.730833333333333,0.73125,0.7616025641025641,0.750666666666667,758.0,0.7620555555555559,0.763427083333333,0.7623916666666658
81,Pushkin,2003,10659,P·EP 27,2003.05.26,2003.06.08,2003.07.18,13.0,40.0,164.6,644.7,12.6615384615385,16.1175,15.2,15.48,12.64,13.213333333333301,13.16,13.186666666666698,13835.0,14952.0,15935.0,2.9,0.6,0.6,3.5,3.5,0.5466666666666671,1165.0,1.38,1.1725,1202.0,1.5666666666666698,15.2,14.72,16.1175,17284.0,18.1833333333333,1.4366666666666699,1.3175,1762.0,1.7016666666666698,0.7645833333333342,0.729583333333333,0.76353125,0.767541666666667,0.768833333333333,0.767694444444444,0.76353125,0.755191666666667
82,Pushkin,2003,10660,P·EP 28,2003.05.14,2003.05.26,2003.07.14,12.0,49.0,163.8,722.7,13.65,14.748979591836697,21.8,13.08,13.47,14.3933333333333,13.32,13.386666666666699,13.2275,13564.0,14.3833333333333,0.7,31.5,35.5,32.2,36.2,2.41333333333333,1.84,1.6333333333333302,1.94,1646.0,1605.0,21.8,13.186666666666698,13835.0,14952.0,15935.0,1.38,1.1725,1202.0,1.5666666666666698,0.730833333333333,0.7525,0.7625935374149659,0.750666666666667,758.0,0.7620555555555559,0.763427083333333,0.7623916666666658
83,Pushkin,2003,10660,P·EP 28,2003.05.26,2003.06.08,2003.07.17,13.0,39.0,164.6,625.5,12.6615384615385,16.038461538461497,15.2,15.48,12.64,13.213333333333301,13.16,13.186666666666698,13835.0,14952.0,15935.0,2.9,0.6,0.6,3.5,3.5,0.5466666666666671,1165.0,1.38,1.1725,1202.0,1.5666666666666698,15.2,14.72,16.1175,17284.0,18.1833333333333,1.4366666666666699,1.3175,1762.0,1.7016666666666698,0.7645833333333342,0.73125,0.7643589743589742,0.767541666666667,0.768833333333333,0.767694444444444,0.76353125,0.755191666666667
84,Pushkin,2003,9960,Svetlaya,2003.05.14,2003.05.26,2003.07.17,12.0,52.0,163.8,790.1,13.65,15.1942307692308,21.8,13.08,13.47,14.3933333333333,13.32,13.386666666666699,13.2275,13564.0,14.3833333333333,0.7,31.5,35.5,32.2,36.2,2.41333333333333,1.84,1.6333333333333302,1.94,1646.0,1605.0,21.8,13.186666666666698,13835.0,14952.0,15935.0,1.38,1.1725,1202.0,1.5666666666666698,0.730833333333333,0.73125,0.7616025641025641,0.750666666666667,758.0,0.7620555555555559,0.763427083333333,0.7623916666666658
85,Pushkin,2003,9960,Svetlaya,2003.05.26,2003.06.08,2003.07.20,13.0,42.0,164.6,685.9,12.6615384615385,16.3309523809524,15.2,15.48,12.64,13.213333333333301,13.16,13.186666666666698,13835.0,14952.0,15935.0,2.9,0.6,0.6,3.5,3.5,0.5466666666666671,1165.0,1.38,1.1725,1202.0,1.5666666666666698,15.2,14.72,16.1175,17284.0,18.1833333333333,1.4366666666666699,1.3175,1762.0,1.7016666666666698,0.7645833333333342,0.72625,0.761875,0.767541666666667,0.768833333333333,0.767694444444444,0.76353125,0.755191666666667
86,Pushkin,2004,5830,Fiskeby 1040-4-2,2004.05.10,2004.06.06,2004.07.18,27.0,42.0,268.0,661.7,9.92592592592593,15.754761904761901,16.6,6.96,7.88,8.21333333333333,8.99,10.22,10.9775,12.24,12.896666666666698,0.0,1.0,7.5,1.0,7.5,1.23333333333333,2.13,2.65333333333333,2.6575,2554.0,2.98166666666667,16.6,15.243333333333302,15.7025,16.49,17.1683333333333,4.14666666666667,3945.0,4154.0,3.99333333333333,0.7625,0.729583333333333,0.763501984126984,0.766166666666667,0.7681875,0.7677638888888891,0.765072916666667,0.757125
87,Pushkin,2004,5830,Fiskeby 1040-4-2,2004.05.25,2004.06.05,2004.07.17,11.0,42.0,126.1,662.8,11.4636363636364,15.780952380952401,18.7,11.32,11.12,12.226666666666699,12.68,13.06,14.2625,14808.0,15485.0,11.0,24.1,34.1,35.1,45.1,4.073333333333331,3.13,3.5633333333333304,3.8125,3514.0,3.93333333333333,18.7,15.406666666666698,15.8,16486.0,17105.0,3.93333333333333,3.7625,4.03,3.99333333333333,0.760833333333333,0.73125,0.7642063492063491,0.765333333333333,0.76775,0.767680555555555,0.765322916666667,0.7579916666666671
88,Pushkin,2004,10539,KG-20,2004.05.25,2004.06.05,2004.07.17,11.0,42.0,126.1,662.8,11.4636363636364,15.780952380952401,18.7,11.32,11.12,12.226666666666699,12.68,13.06,14.2625,14808.0,15485.0,11.0,24.1,34.1,35.1,45.1,4.073333333333331,3.13,3.5633333333333304,3.8125,3514.0,3.93333333333333,18.7,15.406666666666698,15.8,16486.0,17105.0,3.93333333333333,3.7625,4.03,3.99333333333333,0.760833333333333,0.73125,0.7642063492063491,0.765333333333333,0.76775,0.767680555555555,0.765322916666667,0.7579916666666671
89,Pushkin,2004,10043,Altom,2004.05.25,2004.06.05,2004.07.22,11.0,47.0,126.1,761.6,11.4636363636364,16.2042553191489,18.7,11.32,11.12,12.226666666666699,12.68,13.06,14.2625,14808.0,15485.0,11.0,24.1,34.1,35.1,45.1,4.073333333333331,3.13,3.5633333333333304,3.8125,3514.0,3.93333333333333,18.7,15.406666666666698,15.8,16486.0,17105.0,3.93333333333333,3.7625,4.03,3.99333333333333,0.760833333333333,0.722916666666667,0.7603457446808509,0.765333333333333,0.76775,0.767680555555555,0.765322916666667,0.7579916666666671
90,Pushkin,2004,9959,Okskaya,2004.05.10,2004.06.06,2004.07.23,27.0,47.0,268.0,763.5,9.92592592592593,16.2446808510638,16.6,6.96,7.88,8.21333333333333,8.99,10.22,10.9775,12.24,12.896666666666698,0.0,1.0,7.5,1.0,7.5,1.23333333333333,2.13,2.65333333333333,2.6575,2554.0,2.98166666666667,16.6,15.243333333333302,15.7025,16.49,17.1683333333333,4.14666666666667,3945.0,4154.0,3.99333333333333,0.7625,0.72125,0.759539007092199,0.766166666666667,0.7681875,0.7677638888888891,0.765072916666667,0.757125
91,Pushkin,2004,9959,Okskaya,2004.05.25,2004.06.05,2004.07.17,11.0,42.0,126.1,662.8,11.4636363636364,15.780952380952401,18.7,11.32,11.12,12.226666666666699,12.68,13.06,14.2625,14808.0,15485.0,11.0,24.1,34.1,35.1,45.1,4.073333333333331,3.13,3.5633333333333304,3.8125,3514.0,3.93333333333333,18.7,15.406666666666698,15.8,16486.0,17105.0,3.93333333333333,3.7625,4.03,3.99333333333333,0.760833333333333,0.73125,0.7642063492063491,0.765333333333333,0.76775,0.767680555555555,0.765322916666667,0.7579916666666671
92,Pushkin,2004,10655,P·EP 18,2004.05.25,2004.06.05,2004.07.15,11.0,40.0,126.1,632.0,11.4636363636364,15.8,18.7,11.32,11.12,12.226666666666699,12.68,13.06,14.2625,14808.0,15485.0,11.0,24.1,34.1,35.1,45.1,4.073333333333331,3.13,3.5633333333333304,3.8125,3514.0,3.93333333333333,18.7,15.406666666666698,15.8,16486.0,17105.0,3.93333333333333,3.7625,4.03,3.99333333333333,0.760833333333333,0.750833333333333,0.765322916666667,0.765333333333333,0.76775,0.767680555555555,0.765322916666667,0.7579916666666671
93,Pushkin,2004,10651,P·EP 2,2004.05.25,2004.06.05,2004.07.15,11.0,40.0,126.1,632.0,11.4636363636364,15.8,18.7,11.32,11.12,12.226666666666699,12.68,13.06,14.2625,14808.0,15485.0,11.0,24.1,34.1,35.1,45.1,4.073333333333331,3.13,3.5633333333333304,3.8125,3514.0,3.93333333333333,18.7,15.406666666666698,15.8,16486.0,17105.0,3.93333333333333,3.7625,4.03,3.99333333333333,0.760833333333333,0.750833333333333,0.765322916666667,0.765333333333333,0.76775,0.767680555555555,0.765322916666667,0.7579916666666671
94,Pushkin,2004,10659,P·EP 27,2004.05.10,2004.06.06,2004.07.15,27.0,39.0,268.0,613.3,9.92592592592593,15.725641025641,16.6,6.96,7.88,8.21333333333333,8.99,10.22,10.9775,12.24,12.896666666666698,0.0,1.0,7.5,1.0,7.5,1.23333333333333,2.13,2.65333333333333,2.6575,2554.0,2.98166666666667,16.6,15.243333333333302,15.7025,16.49,17.1683333333333,4.14666666666667,3945.0,4154.0,3.99333333333333,0.7625,0.750833333333333,0.7654380341880341,0.766166666666667,0.7681875,0.7677638888888891,0.765072916666667,0.757125
95,Pushkin,2004,10659,P·EP 27,2004.05.25,2004.06.05,2004.07.16,11.0,41.0,126.1,646.8,11.4636363636364,15.7756097560976,18.7,11.32,11.12,12.226666666666699,12.68,13.06,14.2625,14808.0,15485.0,11.0,24.1,34.1,35.1,45.1,4.073333333333331,3.13,3.5633333333333304,3.8125,3514.0,3.93333333333333,18.7,15.406666666666698,15.8,16486.0,17105.0,3.93333333333333,3.7625,4.03,3.99333333333333,0.760833333333333,0.732916666666667,0.7649695121951221,0.765333333333333,0.76775,0.767680555555555,0.765322916666667,0.7579916666666671
96,Pushkin,2004,10660,P·EP 28,2004.05.10,2004.06.06,2004.07.18,27.0,42.0,268.0,661.7,9.92592592592593,15.754761904761901,16.6,6.96,7.88,8.21333333333333,8.99,10.22,10.9775,12.24,12.896666666666698,0.0,1.0,7.5,1.0,7.5,1.23333333333333,2.13,2.65333333333333,2.6575,2554.0,2.98166666666667,16.6,15.243333333333302,15.7025,16.49,17.1683333333333,4.14666666666667,3945.0,4154.0,3.99333333333333,0.7625,0.729583333333333,0.763501984126984,0.766166666666667,0.7681875,0.7677638888888891,0.765072916666667,0.757125
97,Pushkin,2004,10660,P·EP 28,2004.05.25,2004.06.05,2004.07.15,11.0,40.0,126.1,632.0,11.4636363636364,15.8,18.7,11.32,11.12,12.226666666666699,12.68,13.06,14.2625,14808.0,15485.0,11.0,24.1,34.1,35.1,45.1,4.073333333333331,3.13,3.5633333333333304,3.8125,3514.0,3.93333333333333,18.7,15.406666666666698,15.8,16486.0,17105.0,3.93333333333333,3.7625,4.03,3.99333333333333,0.760833333333333,0.750833333333333,0.765322916666667,0.765333333333333,0.76775,0.767680555555555,0.765322916666667,0.7579916666666671
98,Pushkin,2004,9960,Svetlaya,2004.05.10,2004.06.06,2004.07.13,27.0,37.5,268.0,577.5,9.92592592592593,15.4,16.6,6.96,7.88,8.21333333333333,8.99,10.22,10.9775,12.24,12.896666666666698,0.0,1.0,7.5,1.0,7.5,1.23333333333333,2.13,2.65333333333333,2.6575,2554.0,2.98166666666667,16.6,15.243333333333302,15.7025,16.49,17.1683333333333,4.14666666666667,3945.0,4154.0,3.99333333333333,0.7625,0.75375,0.755888888888889,0.766166666666667,0.7681875,0.7677638888888891,0.765072916666667,0.757125
99,Pushkin,2004,9960,Svetlaya,2004.05.25,2004.06.05,2004.07.15,11.0,40.0,126.1,632.0,11.4636363636364,15.8,18.7,11.32,11.12,12.226666666666699,12.68,13.06,14.2625,14808.0,15485.0,11.0,24.1,34.1,35.1,45.1,4.073333333333331,3.13,3.5633333333333304,3.8125,3514.0,3.93333333333333,18.7,15.406666666666698,15.8,16486.0,17105.0,3.93333333333333,3.7625,4.03,3.99333333333333,0.760833333333333,0.750833333333333,0.765322916666667,0.765333333333333,0.76775,0.767680555555555,0.765322916666667,0.7579916666666671
100,Pushkin,2005,5830,Fiskeby 1040-4-2,2005.05.10,2005.05.23,2005.07.06,13.0,44.0,151.0,705.1,11.6153846153846,16025.0,18.6,8.6,10.61,12.9,13.39,13.376666666666699,14.2975,14708.0,15.21,18.3,20.7,37.3,39.0,55.6,2.48666666666667,2085.0,2.82333333333333,2.82,2994.0,2.51166666666667,18.6,15.37,15.7275,16582.0,17.5283333333333,2.53,2.81,2268.0,2.45,0.725416666666667,0.7625,0.7609659090909091,0.74125,0.7518958333333342,0.7577361111111109,0.760583333333333,0.760808333333333
101,Pushkin,2005,5830,Fiskeby 1040-4-2,2005.05.25,2005.06.06,2005.07.13,12.0,37.0,163.6,646.4,13.6333333333333,17.4702702702703,15.4,14.86,13.22,13.853333333333302,14785.0,15.216666666666699,15.5175,16.67,17.4216666666667,0.0,4.4,21.4,4.4,21.4,3.16,3.44,2.53,2.81,2282.0,2.9366666666666696,15.4,16.6333333333333,17.91,18406.0,18.483333333333302,2.85333333333333,2.2525,3264.0,3.0766666666666698,0.7625,0.75375,0.7661036036036031,0.766166666666667,0.7681875,0.7677638888888891,0.765072916666667,0.757125
102,Pushkin,2005,10539,KG-20,2005.05.25,2005.06.06,2005.07.13,12.0,37.0,163.6,646.4,13.6333333333333,17.4702702702703,15.4,14.86,13.22,13.853333333333302,14785.0,15.216666666666699,15.5175,16.67,17.4216666666667,0.0,4.4,21.4,4.4,21.4,3.16,3.44,2.53,2.81,2282.0,2.9366666666666696,15.4,16.6333333333333,17.91,18406.0,18.483333333333302,2.85333333333333,2.2525,3264.0,3.0766666666666698,0.7625,0.75375,0.7661036036036031,0.766166666666667,0.7681875,0.7677638888888891,0.765072916666667,0.757125
103,Pushkin,2005,10043,Altom,2005.05.25,2005.06.06,2005.07.12,12.0,36.0,163.6,623.0,13.6333333333333,17.3055555555556,15.4,14.86,13.22,13.853333333333302,14785.0,15.216666666666699,15.5175,16.67,17.4216666666667,0.0,4.4,21.4,4.4,21.4,3.16,3.44,2.53,2.81,2282.0,2.9366666666666696,15.4,16.6333333333333,17.91,18406.0,18.483333333333302,2.85333333333333,2.2525,3264.0,3.0766666666666698,0.7625,755.0,0.766412037037037,0.766166666666667,0.7681875,0.7677638888888891,0.765072916666667,0.757125
104,Pushkin,2005,9959,Okskaya,2005.05.10,2005.05.23,2005.07.06,13.0,44.5,151.0,705.1,11.6153846153846,15.8449438202247,18.6,8.6,10.61,12.9,13.39,13.376666666666699,14.2975,14708.0,15.21,18.3,20.7,37.3,39.0,55.6,2.48666666666667,2085.0,2.82333333333333,2.82,2994.0,2.51166666666667,18.6,15.37,15.7275,16582.0,17.5283333333333,2.53,2.81,2268.0,2.45,0.725416666666667,0.7625,0.7524157303370792,0.74125,0.7518958333333342,0.7577361111111109,0.760583333333333,0.760808333333333
105,Pushkin,2005,9959,Okskaya,2005.05.25,2005.06.06,2005.07.16,12.0,40.0,163.6,716.4,13.6333333333333,17.91,15.4,14.86,13.22,13.853333333333302,14785.0,15.216666666666699,15.5175,16.67,17.4216666666667,0.0,4.4,21.4,4.4,21.4,3.16,3.44,2.53,2.81,2282.0,2.9366666666666696,15.4,16.6333333333333,17.91,18406.0,18.483333333333302,2.85333333333333,2.2525,3264.0,3.0766666666666698,0.7625,0.732916666666667,0.765072916666667,0.766166666666667,0.7681875,0.7677638888888891,0.765072916666667,0.757125
106,Pushkin,2005,10655,P·EP 18,2005.05.25,2005.06.06,2005.07.11,12.0,35.0,163.6,597.8,13.6333333333333,17.08,15.4,14.86,13.22,13.853333333333302,14785.0,15.216666666666699,15.5175,16.67,17.4216666666667,0.0,4.4,21.4,4.4,21.4,3.16,3.44,2.53,2.81,2282.0,2.9366666666666696,15.4,16.6333333333333,17.91,18406.0,18.483333333333302,2.85333333333333,2.2525,3264.0,3.0766666666666698,0.7625,0.756666666666667,0.7666904761904759,0.766166666666667,0.7681875,0.7677638888888891,0.765072916666667,0.757125
107,Pushkin,2005,10651,P·EP 2,2005.05.25,2005.06.06,2005.07.11,12.0,35.0,163.6,597.8,13.6333333333333,17.08,15.4,14.86,13.22,13.853333333333302,14785.0,15.216666666666699,15.5175,16.67,17.4216666666667,0.0,4.4,21.4,4.4,21.4,3.16,3.44,2.53,2.81,2282.0,2.9366666666666696,15.4,16.6333333333333,17.91,18406.0,18.483333333333302,2.85333333333333,2.2525,3264.0,3.0766666666666698,0.7625,0.756666666666667,0.7666904761904759,0.766166666666667,0.7681875,0.7677638888888891,0.765072916666667,0.757125
108,Pushkin,2005,10659,P·EP 27,2005.05.10,2005.05.23,2005.07.04,13.0,42.0,151.0,663.2,11.6153846153846,15.790476190476198,18.6,8.6,10.61,12.9,13.39,13.376666666666699,14.2975,14708.0,15.21,18.3,20.7,37.3,39.0,55.6,2.48666666666667,2085.0,2.82333333333333,2.82,2994.0,2.51166666666667,18.6,15.37,15.7275,16582.0,17.5283333333333,2.53,2.81,2268.0,2.45,0.725416666666667,0.764166666666667,0.760833333333333,0.74125,0.7518958333333342,0.7577361111111109,0.760583333333333,0.760808333333333
109,Pushkin,2005,10659,P·EP 27,2005.05.25,2005.06.06,2005.07.11,12.0,35.5,163.6,597.8,13.6333333333333,16.839436619718303,15.4,14.86,13.22,13.853333333333302,14785.0,15.216666666666699,15.5175,16.67,17.4216666666667,0.0,4.4,21.4,4.4,21.4,3.16,3.44,2.53,2.81,2282.0,2.9366666666666696,15.4,16.6333333333333,17.91,18406.0,18.483333333333302,2.85333333333333,2.2525,3264.0,3.0766666666666698,0.7625,0.756666666666667,0.7558920187793431,0.766166666666667,0.7681875,0.7677638888888891,0.765072916666667,0.757125
110,Pushkin,2005,10660,P·EP 28,2005.05.10,2005.05.23,2005.07.05,13.0,43.5,151.0,685.2,11.6153846153846,15.751724137931001,18.6,8.6,10.61,12.9,13.39,13.376666666666699,14.2975,14708.0,15.21,18.3,20.7,37.3,39.0,55.6,2.48666666666667,2085.0,2.82333333333333,2.82,2994.0,2.51166666666667,18.6,15.37,15.7275,16582.0,17.5283333333333,2.53,2.81,2268.0,2.45,0.725416666666667,0.763333333333333,0.752164750957854,0.74125,0.7518958333333342,0.7577361111111109,0.760583333333333,0.760808333333333
111,Pushkin,2005,10660,P·EP 28,2005.05.25,2005.06.06,2005.07.09,12.0,33.0,163.6,555.5,13.6333333333333,16.8333333333333,15.4,14.86,13.22,13.853333333333302,14785.0,15.216666666666699,15.5175,16.67,17.4216666666667,0.0,4.4,21.4,4.4,21.4,3.16,3.44,2.53,2.81,2282.0,2.9366666666666696,15.4,16.6333333333333,17.91,18406.0,18.483333333333302,2.85333333333333,2.2525,3264.0,3.0766666666666698,0.7625,0.759166666666667,0.767184343434343,0.766166666666667,0.7681875,0.7677638888888891,0.765072916666667,0.757125
112,Pushkin,2005,9960,Svetlaya,2005.05.10,2005.05.23,2005.07.05,13.0,43.5,151.0,685.2,11.6153846153846,15.751724137931001,18.6,8.6,10.61,12.9,13.39,13.376666666666699,14.2975,14708.0,15.21,18.3,20.7,37.3,39.0,55.6,2.48666666666667,2085.0,2.82333333333333,2.82,2994.0,2.51166666666667,18.6,15.37,15.7275,16582.0,17.5283333333333,2.53,2.81,2268.0,2.45,0.725416666666667,0.763333333333333,0.752164750957854,0.74125,0.7518958333333342,0.7577361111111109,0.760583333333333,0.760808333333333
113,Pushkin,2005,9960,Svetlaya,2005.05.25,2005.06.06,2005.07.12,12.0,36.0,163.6,623.0,13.6333333333333,17.3055555555556,15.4,14.86,13.22,13.853333333333302,14785.0,15.216666666666699,15.5175,16.67,17.4216666666667,0.0,4.4,21.4,4.4,21.4,3.16,3.44,2.53,2.81,2282.0,2.9366666666666696,15.4,16.6333333333333,17.91,18406.0,18.483333333333302,2.85333333333333,2.2525,3264.0,3.0766666666666698,0.7625,755.0,0.766412037037037,0.766166666666667,0.7681875,0.7677638888888891,0.765072916666667,0.757125
114,Pushkin,2006,5830,Fiskeby 1040-4-2,2006.05.10,2006.05.26,2006.07.04,16.0,39.5,193.5,660.0,12.09375,16.7088607594937,11.2,13.46,11.11,12.08,11.91,12.006666666666698,13.57,15256.0,16.0966666666667,0.0,1.4,16.9,1.4,16.9,1.76666666666667,2.11,2.76333333333333,2.14,2.14,1.8183333333333302,11.2,16.35,17.07,18488.0,18.2083333333333,2.42,2035.0,1746.0,1945.0,0.730833333333333,0.764166666666667,0.7537447257383969,0.750666666666667,758.0,0.7620555555555559,0.763427083333333,0.7623916666666658
115,Pushkin,2006,5830,Fiskeby 1040-4-2,2006.05.25,2006.06.09,2006.07.12,15.0,33.0,179.0,684.9,11.933333333333302,20.7545454545455,13.7,11.4,12.17,11.933333333333302,13125.0,16.193333333333303,16.8075,18.28,18.08,9.6,15.7,51.7,25.3,61.3,3.76,2.82,2.2666666666666697,2065.0,1696.0,1965.0,13.7,20.1866666666667,20.56,19876.0,19.3466666666667,0.873333333333333,1365.0,1.23,1.19333333333333,0.765416666666667,755.0,0.7666792929292929,0.768083333333333,0.7690208333333329,0.7675555555555551,0.76265625,0.754133333333333
116,Pushkin,2006,10539,KG-20,2006.05.25,2006.06.09,2006.07.13,15.0,34.0,179.0,709.6,11.933333333333302,20.8705882352941,13.7,11.4,12.17,11.933333333333302,13125.0,16.193333333333303,16.8075,18.28,18.08,9.6,15.7,51.7,25.3,61.3,3.76,2.82,2.2666666666666697,2065.0,1696.0,1965.0,13.7,20.1866666666667,20.56,19876.0,19.3466666666667,0.873333333333333,1365.0,1.23,1.19333333333333,0.765416666666667,0.75375,0.766335784313725,0.768083333333333,0.7690208333333329,0.7675555555555551,0.76265625,0.754133333333333
117,Pushkin,2006,10043,Altom,2006.05.25,2006.06.09,2006.07.20,15.0,41.0,179.0,837.5,11.933333333333302,20.4268292682927,13.7,11.4,12.17,11.933333333333302,13125.0,16.193333333333303,16.8075,18.28,18.08,9.6,15.7,51.7,25.3,61.3,3.76,2.82,2.2666666666666697,2065.0,1696.0,1965.0,13.7,20.1866666666667,20.56,19876.0,19.3466666666667,0.873333333333333,1365.0,1.23,1.19333333333333,0.765416666666667,0.72625,0.7618089430894309,0.768083333333333,0.7690208333333329,0.7675555555555551,0.76265625,0.754133333333333
118,Pushkin,2006,9959,Okskaya,2006.05.10,2006.05.26,2006.07.08,16.0,43.5,193.5,744.5,12.09375,17.1149425287356,11.2,13.46,11.11,12.08,11.91,12.006666666666698,13.57,15256.0,16.0966666666667,0.0,1.4,16.9,1.4,16.9,1.76666666666667,2.11,2.76333333333333,2.14,2.14,1.8183333333333302,11.2,16.35,17.07,18488.0,18.2083333333333,2.42,2035.0,1746.0,1945.0,0.730833333333333,0.760416666666667,0.754578544061302,0.750666666666667,758.0,0.7620555555555559,0.763427083333333,0.7623916666666658
119,Pushkin,2006,9959,Okskaya,2006.05.25,2006.06.09,2006.07.16,15.0,37.0,179.0,777.6,11.933333333333302,21.0162162162162,13.7,11.4,12.17,11.933333333333302,13125.0,16.193333333333303,16.8075,18.28,18.08,9.6,15.7,51.7,25.3,61.3,3.76,2.82,2.2666666666666697,2065.0,1696.0,1965.0,13.7,20.1866666666667,20.56,19876.0,19.3466666666667,0.873333333333333,1365.0,1.23,1.19333333333333,0.765416666666667,0.732916666666667,0.7652027027027031,0.768083333333333,0.7690208333333329,0.7675555555555551,0.76265625,0.754133333333333
120,Pushkin,2006,10655,P·EP 18,2006.05.25,2006.06.09,2006.07.11,15.0,32.0,179.0,660.7,11.933333333333302,20.646875,13.7,11.4,12.17,11.933333333333302,13125.0,16.193333333333303,16.8075,18.28,18.08,9.6,15.7,51.7,25.3,61.3,3.76,2.82,2.2666666666666697,2065.0,1696.0,1965.0,13.7,20.1866666666667,20.56,19876.0,19.3466666666667,0.873333333333333,1365.0,1.23,1.19333333333333,0.765416666666667,0.756666666666667,0.7669921875,0.768083333333333,0.7690208333333329,0.7675555555555551,0.76265625,0.754133333333333
121,Pushkin,2006,10651,P·EP 2,2006.05.25,2006.06.09,2006.07.11,15.0,32.5,179.0,660.7,11.933333333333302,20.3292307692308,13.7,11.4,12.17,11.933333333333302,13125.0,16.193333333333303,16.8075,18.28,18.08,9.6,15.7,51.7,25.3,61.3,3.76,2.82,2.2666666666666697,2065.0,1696.0,1965.0,13.7,20.1866666666667,20.56,19876.0,19.3466666666667,0.873333333333333,1365.0,1.23,1.19333333333333,0.765416666666667,0.756666666666667,0.7551923076923079,0.768083333333333,0.7690208333333329,0.7675555555555551,0.76265625,0.754133333333333
122,Pushkin,2006,10659,P·EP 27,2006.05.10,2006.05.26,2006.07.06,16.0,41.0,193.5,702.7,12.09375,17.1390243902439,11.2,13.46,11.11,12.08,11.91,12.006666666666698,13.57,15256.0,16.0966666666667,0.0,1.4,16.9,1.4,16.9,1.76666666666667,2.11,2.76333333333333,2.14,2.14,1.8183333333333302,11.2,16.35,17.07,18488.0,18.2083333333333,2.42,2035.0,1746.0,1945.0,0.730833333333333,0.7625,0.763424796747967,0.750666666666667,758.0,0.7620555555555559,0.763427083333333,0.7623916666666658
123,Pushkin,2006,10659,P·EP 27,2006.05.25,2006.06.09,2006.07.09,15.0,30.5,179.0,605.6,11.933333333333302,19.855737704918,13.7,11.4,12.17,11.933333333333302,13125.0,16.193333333333303,16.8075,18.28,18.08,9.6,15.7,51.7,25.3,61.3,3.76,2.82,2.2666666666666697,2065.0,1696.0,1965.0,13.7,20.1866666666667,20.56,19876.0,19.3466666666667,0.873333333333333,1365.0,1.23,1.19333333333333,0.765416666666667,0.759166666666667,0.7549726775956279,0.768083333333333,0.7690208333333329,0.7675555555555551,0.76265625,0.754133333333333
124,Pushkin,2006,10660,P·EP 28,2006.05.10,2006.05.26,2006.07.05,16.0,40.0,193.5,682.8,12.09375,17.07,11.2,13.46,11.11,12.08,11.91,12.006666666666698,13.57,15256.0,16.0966666666667,0.0,1.4,16.9,1.4,16.9,1.76666666666667,2.11,2.76333333333333,2.14,2.14,1.8183333333333302,11.2,16.35,17.07,18488.0,18.2083333333333,2.42,2035.0,1746.0,1945.0,0.730833333333333,0.763333333333333,0.763427083333333,0.750666666666667,758.0,0.7620555555555559,0.763427083333333,0.7623916666666658
125,Pushkin,2006,10660,P·EP 28,2006.05.25,2006.06.09,2006.07.09,15.0,30.5,179.0,605.6,11.933333333333302,19.855737704918,13.7,11.4,12.17,11.933333333333302,13125.0,16.193333333333303,16.8075,18.28,18.08,9.6,15.7,51.7,25.3,61.3,3.76,2.82,2.2666666666666697,2065.0,1696.0,1965.0,13.7,20.1866666666667,20.56,19876.0,19.3466666666667,0.873333333333333,1365.0,1.23,1.19333333333333,0.765416666666667,0.759166666666667,0.7549726775956279,0.768083333333333,0.7690208333333329,0.7675555555555551,0.76265625,0.754133333333333
126,Pushkin,2006,9960,Svetlaya,2006.05.10,2006.05.26,2006.07.06,16.0,41.0,193.5,702.7,12.09375,17.1390243902439,11.2,13.46,11.11,12.08,11.91,12.006666666666698,13.57,15256.0,16.0966666666667,0.0,1.4,16.9,1.4,16.9,1.76666666666667,2.11,2.76333333333333,2.14,2.14,1.8183333333333302,11.2,16.35,17.07,18488.0,18.2083333333333,2.42,2035.0,1746.0,1945.0,0.730833333333333,0.7625,0.763424796747967,0.750666666666667,758.0,0.7620555555555559,0.763427083333333,0.7623916666666658
127,Pushkin,2006,9960,Svetlaya,2006.05.25,2006.06.09,2006.07.13,15.0,34.5,179.0,709.6,11.933333333333302,20.568115942029,13.7,11.4,12.17,11.933333333333302,13125.0,16.193333333333303,16.8075,18.28,18.08,9.6,15.7,51.7,25.3,61.3,3.76,2.82,2.2666666666666697,2065.0,1696.0,1965.0,13.7,20.1866666666667,20.56,19876.0,19.3466666666667,0.873333333333333,1365.0,1.23,1.19333333333333,0.765416666666667,0.75375,0.7552294685990341,0.768083333333333,0.7690208333333329,0.7675555555555551,0.76265625,0.754133333333333
128,Pushkin,2007,5830,Fiskeby 1040-4-2,2007.05.20,2007.05.31,2007.07.13,11.0,43.0,192.3,717.6,17.4818181818182,16.6883720930233,16.9,14.68,17.44,16.62,17.01,16.753333333333302,16345.0,16716.0,17005.0,7.3,17.4,38.6,24.7,45.9,2.6666666666666696,2.0,2.40666666666667,2.46,2302.0,2.29,16.9,15.8933333333333,16565.0,16.93,17.0783333333333,2.02,1.92,1.98,1.81,755.0,0.75375,0.7649806201550391,0.760416666666667,0.7645,0.76625,0.765614583333333,0.761458333333333
129,Pushkin,2007,10539,KG-20,2007.05.20,2007.05.31,2007.07.24,11.0,54.0,192.3,914.1,17.4818181818182,16.927777777777802,16.9,14.68,17.44,16.62,17.01,16.753333333333302,16345.0,16716.0,17005.0,7.3,17.4,38.6,24.7,45.9,2.6666666666666696,2.0,2.40666666666667,2.46,2302.0,2.29,16.9,15.8933333333333,16565.0,16.93,17.0783333333333,2.02,1.92,1.98,1.81,755.0,0.7191666666666671,0.75866512345679,0.760416666666667,0.7645,0.76625,0.765614583333333,0.761458333333333
130,Pushkin,2007,10043,Altom,2007.05.20,2007.05.28,2007.07.13,8.0,46.0,127.5,782.4,15.9375,17.008695652173902,23.2,14.68,17.44,16.62,17.01,16.753333333333302,16345.0,16716.0,17005.0,7.3,17.4,38.6,24.7,45.9,2.6666666666666696,2.0,2.40666666666667,2.46,2302.0,2.29,23.2,16.4933333333333,16.8475,17052.0,17.268333333333302,1.9533333333333303,1.9175,2052.0,1.74666666666667,0.750833333333333,0.75375,0.764130434782609,0.756666666666667,0.761770833333333,0.764583333333333,0.764989583333333,0.7628
131,Pushkin,2007,9959,Okskaya,2007.05.20,2007.05.29,2007.07.13,9.0,45.0,150.7,759.2,16.7444444444444,16.871111111111098,23.7,14.68,17.44,16.62,17.01,16.753333333333302,16345.0,16716.0,17005.0,7.3,17.4,38.6,24.7,45.9,2.6666666666666696,2.0,2.40666666666667,2.46,2302.0,2.29,23.7,16.233333333333302,16.7,16988.0,17.213333333333303,1.99333333333333,1.88,1976.0,1.6833333333333302,0.751666666666667,0.75375,0.764425925925926,0.757916666666667,0.762729166666667,0.7651944444444441,0.76525,0.762408333333333
132,Pushkin,2007,10655,P·EP 18,2007.05.20,2007.05.29,2007.07.09,9.0,41.0,150.7,685.1,16.7444444444444,16.709756097560998,23.7,14.68,17.44,16.62,17.01,16.753333333333302,16345.0,16716.0,17005.0,7.3,17.4,38.6,24.7,45.9,2.6666666666666696,2.0,2.40666666666667,2.46,2302.0,2.29,23.7,16.233333333333302,16.7,16988.0,17.213333333333303,1.99333333333333,1.88,1976.0,1.6833333333333302,0.751666666666667,0.759166666666667,0.765132113821138,0.757916666666667,0.762729166666667,0.7651944444444441,0.76525,0.762408333333333
133,Pushkin,2007,10651,P·EP 2,2007.05.20,2007.05.29,2007.07.09,9.0,41.0,150.7,685.1,16.7444444444444,16.709756097560998,23.7,14.68,17.44,16.62,17.01,16.753333333333302,16345.0,16716.0,17005.0,7.3,17.4,38.6,24.7,45.9,2.6666666666666696,2.0,2.40666666666667,2.46,2302.0,2.29,23.7,16.233333333333302,16.7,16988.0,17.213333333333303,1.99333333333333,1.88,1976.0,1.6833333333333302,0.751666666666667,0.759166666666667,0.765132113821138,0.757916666666667,0.762729166666667,0.7651944444444441,0.76525,0.762408333333333
134,Pushkin,2007,10659,P·EP 27,2007.05.20,2007.05.31,2007.07.13,11.0,43.0,192.3,717.6,17.4818181818182,16.6883720930233,16.9,14.68,17.44,16.62,17.01,16.753333333333302,16345.0,16716.0,17005.0,7.3,17.4,38.6,24.7,45.9,2.6666666666666696,2.0,2.40666666666667,2.46,2302.0,2.29,16.9,15.8933333333333,16565.0,16.93,17.0783333333333,2.02,1.92,1.98,1.81,755.0,0.75375,0.7649806201550391,0.760416666666667,0.7645,0.76625,0.765614583333333,0.761458333333333
135,Pushkin,2007,10660,P·EP 28,2007.05.20,2007.06.01,2007.07.06,12.0,35.0,209.2,573.8,17.4333333333333,16.3942857142857,12.1,14.68,17.44,16.62,17.01,16.753333333333302,16345.0,16716.0,17005.0,7.3,17.4,38.6,24.7,45.9,2.6666666666666696,2.0,2.40666666666667,2.46,2302.0,2.29,12.1,15.916666666666698,16.5575,16918.0,17.0816666666667,2.03,1.9325,1986.0,1.81,0.75625,0.7625,0.7664642857142858,0.7615,0.765270833333333,0.766666666666667,0.7656875,0.760883333333333
136,Pushkin,2007,9960,Svetlaya,2007.05.20,2007.05.28,2007.07.06,8.0,39.0,127.5,655.5,15.9375,16.807692307692303,23.2,14.68,17.44,16.62,17.01,16.753333333333302,16345.0,16716.0,17005.0,7.3,17.4,38.6,24.7,45.9,2.6666666666666696,2.0,2.40666666666667,2.46,2302.0,2.29,23.2,16.4933333333333,16.8475,17052.0,17.268333333333302,1.9533333333333303,1.9175,2052.0,1.74666666666667,0.750833333333333,0.7625,0.765053418803419,0.756666666666667,0.761770833333333,0.764583333333333,0.764989583333333,0.7628
137,Pushkin,2008,5830,Fiskeby 1040-4-2,2008.05.25,2008.06.08,2008.07.29,14.0,51.0,182.9,845.5,13.0642857142857,16.578431372548998,12.7,12.46,12.84,13.04,12.97,14.03,14755.0,15234.0,15.666666666666698,0.0,0.0,8.1,0.0,8.1,0.606666666666667,1355.0,1.50333333333333,1735.0,1522.0,2.07333333333333,12.7,15.796666666666699,16375.0,16622.0,16.1183333333333,2.0433333333333303,2.2475,2326.0,2.23833333333333,0.7645833333333342,0.709583333333333,0.7543382352941179,0.767541666666667,0.768833333333333,0.767694444444444,0.76353125,0.755191666666667
138,Pushkin,2008,10539,KG-20,2008.05.25,2008.06.12,2008.08.15,18.0,64.0,234.1,1053.8,13.005555555555599,16.465625,12.7,12.46,12.84,13.04,12.97,14.03,14755.0,15234.0,15.666666666666698,0.0,0.0,8.1,0.0,8.1,0.606666666666667,1355.0,1.50333333333333,1735.0,1522.0,2.07333333333333,12.7,16.31,16.7525,16.77,16.321666666666697,1.5433333333333301,2.4575,2.01,1.9583333333333302,0.7675,0.64125,0.732545572916667,0.769416666666667,0.769270833333333,0.76675,0.759677083333333,0.749975
139,Pushkin,2008,10043,Altom,2008.05.25,2008.06.12,2008.08.06,18.0,55.0,234.1,904.1,13.005555555555599,16.4381818181818,12.7,12.46,12.84,13.04,12.97,14.03,14755.0,15234.0,15.666666666666698,0.0,0.0,8.1,0.0,8.1,0.606666666666667,1355.0,1.50333333333333,1735.0,1522.0,2.07333333333333,12.7,16.31,16.7525,16.77,16.321666666666697,1.5433333333333301,2.4575,2.01,1.9583333333333302,0.7675,0.677083333333333,0.743901515151515,0.769416666666667,0.769270833333333,0.76675,0.759677083333333,0.749975
140,Pushkin,2008,9959,Okskaya,2008.05.25,2008.06.08,2008.08.06,14.0,59.0,182.9,955.3,13.0642857142857,16.191525423728798,12.7,12.46,12.84,13.04,12.97,14.03,14755.0,15234.0,15.666666666666698,0.0,0.0,8.1,0.0,8.1,0.606666666666667,1355.0,1.50333333333333,1735.0,1522.0,2.07333333333333,12.7,15.796666666666699,16375.0,16622.0,16.1183333333333,2.0433333333333303,2.2475,2326.0,2.23833333333333,0.7645833333333342,0.677083333333333,0.745374293785311,0.767541666666667,0.768833333333333,0.767694444444444,0.76353125,0.755191666666667
141,Pushkin,2008,10655,P·EP 18,2008.05.25,2008.06.12,2008.07.25,18.0,43.0,234.1,724.3,13.005555555555599,16.8441860465116,12.7,12.46,12.84,13.04,12.97,14.03,14755.0,15234.0,15.666666666666698,0.0,0.0,8.1,0.0,8.1,0.606666666666667,1355.0,1.50333333333333,1735.0,1522.0,2.07333333333333,12.7,16.31,16.7525,16.77,16.321666666666697,1.5433333333333301,2.4575,2.01,1.9583333333333302,0.7675,0.7175,0.756986434108527,0.769416666666667,0.769270833333333,0.76675,0.759677083333333,0.749975
142,Pushkin,2008,10651,P·EP 2,2008.05.25,2008.06.06,2008.07.18,12.0,42.0,159.4,678.5,13.283333333333301,16.1547619047619,15.2,12.46,12.84,13.04,12.97,14.03,14755.0,15234.0,15.666666666666698,0.0,0.0,8.1,0.0,8.1,0.606666666666667,1355.0,1.50333333333333,1735.0,1522.0,2.07333333333333,15.2,15.58,16025.0,16348.0,16.1016666666667,2.0433333333333303,2.18,2326.0,2.23833333333333,0.7625,0.729583333333333,0.763501984126984,0.766166666666667,0.7681875,0.7677638888888891,0.765072916666667,0.757125
143,Pushkin,2008,10659,P·EP 27,2008.05.25,2008.06.12,2008.07.25,18.0,43.0,234.1,724.3,13.005555555555599,16.8441860465116,12.7,12.46,12.84,13.04,12.97,14.03,14755.0,15234.0,15.666666666666698,0.0,0.0,8.1,0.0,8.1,0.606666666666667,1355.0,1.50333333333333,1735.0,1522.0,2.07333333333333,12.7,16.31,16.7525,16.77,16.321666666666697,1.5433333333333301,2.4575,2.01,1.9583333333333302,0.7675,0.7175,0.756986434108527,0.769416666666667,0.769270833333333,0.76675,0.759677083333333,0.749975
144,Pushkin,2008,10660,P·EP 28,2008.05.25,2008.06.12,2008.07.25,18.0,43.0,234.1,724.3,13.005555555555599,16.8441860465116,12.7,12.46,12.84,13.04,12.97,14.03,14755.0,15234.0,15.666666666666698,0.0,0.0,8.1,0.0,8.1,0.606666666666667,1355.0,1.50333333333333,1735.0,1522.0,2.07333333333333,12.7,16.31,16.7525,16.77,16.321666666666697,1.5433333333333301,2.4575,2.01,1.9583333333333302,0.7675,0.7175,0.756986434108527,0.769416666666667,0.769270833333333,0.76675,0.759677083333333,0.749975
145,Pushkin,2008,9960,Svetlaya,2008.05.25,2008.06.08,2008.07.18,14.0,40.0,182.9,655.0,13.0642857142857,16375.0,12.7,12.46,12.84,13.04,12.97,14.03,14755.0,15234.0,15.666666666666698,0.0,0.0,8.1,0.0,8.1,0.606666666666667,1355.0,1.50333333333333,1735.0,1522.0,2.07333333333333,12.7,15.796666666666699,16375.0,16622.0,16.1183333333333,2.0433333333333303,2.2475,2326.0,2.23833333333333,0.7645833333333342,0.729583333333333,0.76353125,0.767541666666667,0.768833333333333,0.767694444444444,0.76353125,0.755191666666667
146,Pushkin,2010,5830,Fiskeby 1040-4-2,2010.05.24,2010.06.04,2010.07.14,11.0,40.0,131.2,697.533333333333,11.9272727272727,17.4383333333333,15.3666666666667,10.5933333333333,11.763333333333302,12.286666666666699,12735.0,13.3122222222222,14505.0,16.080666666666698,17.3616666666667,0.0,29.3,39.5,29.3,39.5,2.7333333333333303,3.75,4.08666666666667,4615.0,3.83,3.2866666666666697,15.3666666666667,15.576666666666698,17.4383333333333,18.6593333333333,19.5394444444445,4.83666666666667,3.8,3154.0,2.87666666666667,0.76,0.7525,0.765510416666667,0.764458333333333,0.7672291666666659,0.767541666666667,0.765510416666667,0.7588083333333342
147,Pushkin,2010,10539,KG-20,2010.05.24,2010.06.05,2010.07.22,12.0,47.0,146.566666666667,869.5666666666671,12.213888888888901,18.5014184397163,11.933333333333302,10.5933333333333,11.763333333333302,12.286666666666699,12735.0,13.3122222222222,14505.0,16.080666666666698,17.3616666666667,0.0,29.3,39.5,29.3,39.5,2.7333333333333303,3.75,4.08666666666667,4615.0,3.83,3.2866666666666697,11.933333333333302,15.704444444444402,17.6883333333333,18794.0,19.6544444444445,4.83666666666667,3.8,3378.0,2.87666666666667,0.760833333333333,0.722916666666667,0.7603457446808509,0.765333333333333,0.76775,0.767680555555555,0.765322916666667,0.7579916666666671
148,Pushkin,2010,10043,Altom,2010.05.24,2010.06.04,2010.07.16,11.0,42.0,131.2,749.2,11.9272727272727,17.8380952380952,15.3666666666667,10.5933333333333,11.763333333333302,12.286666666666699,12735.0,13.3122222222222,14505.0,16.080666666666698,17.3616666666667,0.0,29.3,39.5,29.3,39.5,2.7333333333333303,3.75,4.08666666666667,4615.0,3.83,3.2866666666666697,15.3666666666667,15.576666666666698,17.4383333333333,18.6593333333333,19.5394444444445,4.83666666666667,3.8,3154.0,2.87666666666667,0.76,0.732916666666667,0.7648511904761909,0.764458333333333,0.7672291666666659,0.767541666666667,0.765510416666667,0.7588083333333342
149,Pushkin,2010,9959,Okskaya,2010.05.24,2010.06.04,2010.07.14,11.0,40.0,131.2,697.533333333333,11.9272727272727,17.4383333333333,15.3666666666667,10.5933333333333,11.763333333333302,12.286666666666699,12735.0,13.3122222222222,14505.0,16.080666666666698,17.3616666666667,0.0,29.3,39.5,29.3,39.5,2.7333333333333303,3.75,4.08666666666667,4615.0,3.83,3.2866666666666697,15.3666666666667,15.576666666666698,17.4383333333333,18.6593333333333,19.5394444444445,4.83666666666667,3.8,3154.0,2.87666666666667,0.76,0.7525,0.765510416666667,0.764458333333333,0.7672291666666659,0.767541666666667,0.765510416666667,0.7588083333333342
150,Pushkin,2010,10655,P·EP 18,2010.05.24,2010.06.05,2010.07.10,12.0,35.0,146.566666666667,586.466666666667,12.213888888888901,16.7561904761905,11.933333333333302,10.5933333333333,11.763333333333302,12.286666666666699,12735.0,13.3122222222222,14505.0,16.080666666666698,17.3616666666667,0.0,29.3,39.5,29.3,39.5,2.7333333333333303,3.75,4.08666666666667,4615.0,3.83,3.2866666666666697,11.933333333333302,15.704444444444402,17.6883333333333,18794.0,19.6544444444445,4.83666666666667,3.8,3378.0,2.87666666666667,0.760833333333333,0.757916666666667,0.7667738095238091,0.765333333333333,0.76775,0.767680555555555,0.765322916666667,0.7579916666666671
151,Pushkin,2010,10651,P·EP 2,2010.05.24,2010.06.05,2010.07.11,12.0,36.0,146.566666666667,608.466666666667,12.213888888888901,16.901851851851898,11.933333333333302,10.5933333333333,11.763333333333302,12.286666666666699,12735.0,13.3122222222222,14505.0,16.080666666666698,17.3616666666667,0.0,29.3,39.5,29.3,39.5,2.7333333333333303,3.75,4.08666666666667,4615.0,3.83,3.2866666666666697,11.933333333333302,15.704444444444402,17.6883333333333,18794.0,19.6544444444445,4.83666666666667,3.8,3378.0,2.87666666666667,0.760833333333333,0.756666666666667,0.7665277777777779,0.765333333333333,0.76775,0.767680555555555,0.765322916666667,0.7579916666666671
152,Pushkin,2010,10659,P·EP 27,2010.05.24,2010.06.04,2010.07.13,11.0,39.0,131.2,672.833333333333,11.9272727272727,17.2521367521368,15.3666666666667,10.5933333333333,11.763333333333302,12.286666666666699,12735.0,13.3122222222222,14505.0,16.080666666666698,17.3616666666667,0.0,29.3,39.5,29.3,39.5,2.7333333333333303,3.75,4.08666666666667,4615.0,3.83,3.2866666666666697,15.3666666666667,15.576666666666698,17.4383333333333,18.6593333333333,19.5394444444445,4.83666666666667,3.8,3154.0,2.87666666666667,0.76,0.75375,0.7658119658119659,0.764458333333333,0.7672291666666659,0.767541666666667,0.765510416666667,0.7588083333333342
153,Pushkin,2010,10660,P·EP 28,2010.05.24,2010.06.05,2010.07.10,12.0,35.0,146.566666666667,586.466666666667,12.213888888888901,16.7561904761905,11.933333333333302,10.5933333333333,11.763333333333302,12.286666666666699,12735.0,13.3122222222222,14505.0,16.080666666666698,17.3616666666667,0.0,29.3,39.5,29.3,39.5,2.7333333333333303,3.75,4.08666666666667,4615.0,3.83,3.2866666666666697,11.933333333333302,15.704444444444402,17.6883333333333,18794.0,19.6544444444445,4.83666666666667,3.8,3378.0,2.87666666666667,0.760833333333333,0.757916666666667,0.7667738095238091,0.765333333333333,0.76775,0.767680555555555,0.765322916666667,0.7579916666666671
154,Pushkin,2010,9960,Svetlaya,2010.05.24,2010.06.04,2010.07.11,11.0,37.0,131.2,623.833333333333,11.9272727272727,16.8603603603604,15.3666666666667,10.5933333333333,11.763333333333302,12.286666666666699,12735.0,13.3122222222222,14505.0,16.080666666666698,17.3616666666667,0.0,29.3,39.5,29.3,39.5,2.7333333333333303,3.75,4.08666666666667,4615.0,3.83,3.2866666666666697,15.3666666666667,15.576666666666698,17.4383333333333,18.6593333333333,19.5394444444445,4.83666666666667,3.8,3154.0,2.87666666666667,0.76,0.756666666666667,0.766351351351351,0.764458333333333,0.7672291666666659,0.767541666666667,0.765510416666667,0.7588083333333342
